code_contract,staff_id,start_date,end_date,employee_role,salary
C00001,1,2022-03-28,2024-08-26,administrador,900000
C00002,2,2021-09-24,2024-01-10,empleado,900000
C00003,3,2022-09-16,2023-07-28,empleado,3000000
C00004,4,2022-10-20,2023-05-18,administrador,1000000
C00005,5,2023-10-19,2025-05-28,administrador,1500000
C00006,6,2025-03-20,2026-05-15,empleado,1500000
C00007,7,2023-08-08,2026-05-07,empleado,1200000
C00008,8,2021-07-19,2023-03-07,empleado,1800000
C00009,9,2024-08-13,2025-10-18,empleado,3000000
C00010,10,2024-05-13,2026-07-24,administrador,2000000
C00011,11,2023-04-14,2024-09-17,administrador,1200000
C00012,12,2020-11-10,2021-08-07,administrador,1200000
C00013,13,2020-12-06,2022-11-19,administrador,1500000
C00014,14,2023-10-19,2024-06-24,empleado,2000000
C00015,15,2023-06-16,2025-04-25,empleado,3000000
C00016,16,2021-01-27,2021-10-30,administrador,3000000
C00017,17,2022-10-26,2023-08-18,administrador,1000000
C00018,18,2025-05-16,2026-06-29,empleado,1800000
C00019,19,2020-05-26,2021-07-11,empleado,3000000
C00020,20,2025-04-01,2026-05-06,administrador,2000000
C00021,21,2023-01-24,2025-06-27,administrador,800000
C00022,22,2024-12-03,2026-10-28,administrador,1000000
C00023,23,2021-12-21,2024-07-20,administrador,1200000
C00024,24,2022-06-22,2023-11-13,administrador,1000000
C00025,25,2025-04-29,2026-02-17,administrador,2000000
C00026,26,2022-09-07,2025-03-06,empleado,1800000
C00027,27,2022-07-30,2023-03-29,empleado,900000
C00028,28,2023-08-10,2026-06-24,empleado,800000
C00029,29,2023-08-11,2025-04-30,administrador,1500000
C00030,30,2024-11-18,2027-01-28,administrador,800000
C00031,31,2025-04-15,2027-01-11,administrador,2500000
C00032,32,2021-08-26,2022-02-25,empleado,800000
C00033,33,2023-06-09,2026-02-06,administrador,1000000
C00034,34,2023-05-01,2024-06-14,empleado,1500000
C00035,35,2021-06-30,2022-04-08,administrador,800000
C00036,36,2021-10-22,2022-06-15,administrador,1200000
C00037,37,2024-03-31,2025-05-20,administrador,900000
C00038,38,2024-08-23,2027-01-14,administrador,900000
C00039,39,2021-01-11,2022-08-15,administrador,900000
C00040,40,2024-05-11,2025-02-08,empleado,1200000
C00041,41,2023-03-10,2024-03-26,administrador,1800000
C00042,42,2025-04-21,2027-11-11,administrador,800000
C00043,43,2024-05-21,2025-12-14,empleado,3000000
C00044,44,2021-09-21,2023-08-26,empleado,2000000
C00045,45,2023-01-03,2025-04-06,empleado,900000
C00046,46,2024-03-25,2025-06-26,administrador,1800000
C00047,47,2021-04-14,2023-03-08,empleado,1000000
C00048,48,2023-06-30,2026-04-27,empleado,1800000
C00049,49,2020-09-04,2022-05-10,administrador,2000000
C00050,50,2021-06-14,2024-04-09,administrador,900000
C00051,51,2023-07-17,2026-01-10,administrador,3000000
C00052,52,2023-05-03,2025-12-22,administrador,1800000
C00053,53,2022-06-22,2025-03-22,empleado,1000000
C00054,54,2023-07-07,2024-12-08,administrador,3000000
C00055,55,2021-05-01,2022-11-18,empleado,1500000
C00056,56,2025-01-02,2027-05-16,administrador,3000000
C00057,57,2021-01-20,2022-10-15,empleado,3000000
C00058,58,2023-06-03,2024-05-11,administrador,1800000
C00059,59,2022-07-07,2025-05-08,empleado,2500000
C00060,60,2025-02-08,2026-08-09,empleado,2000000
C00061,61,2022-12-04,2025-07-14,empleado,2500000
C00062,62,2022-11-15,2023-06-06,empleado,1200000
C00063,63,2024-01-24,2025-08-21,empleado,1800000
C00064,64,2021-10-28,2024-09-26,administrador,1800000
C00065,65,2024-08-19,2027-08-01,administrador,3000000
C00066,66,2022-10-01,2024-01-09,empleado,800000
C00067,67,2025-01-30,2028-01-08,empleado,1000000
C00068,68,2022-09-06,2023-09-20,empleado,1200000
C00069,69,2020-06-02,2022-01-16,administrador,1000000
C00070,70,2022-04-11,2023-07-08,empleado,1800000
C00071,71,2024-12-31,2026-11-23,administrador,3000000
C00072,72,2021-03-23,2023-02-11,empleado,3000000
C00073,73,2024-11-05,2026-09-05,empleado,900000
C00074,74,2021-03-22,2022-10-16,empleado,3000000
C00075,75,2025-01-12,2025-08-14,empleado,2500000
C00076,76,2022-11-25,2023-07-29,empleado,1500000
C00077,77,2023-10-08,2025-11-25,empleado,1000000
C00078,78,2023-02-01,2024-03-19,administrador,1500000
C00079,79,2022-04-20,2023-05-12,empleado,2000000
C00080,80,2024-08-10,2026-06-21,empleado,900000
C00081,81,2022-10-02,2023-06-22,administrador,1800000
C00082,82,2020-12-01,2022-06-03,administrador,1200000
C00083,83,2023-11-11,2026-01-26,administrador,3000000
C00084,84,2021-06-13,2022-03-14,empleado,1000000
C00085,85,2025-05-20,2028-01-28,empleado,800000
C00086,86,2025-04-18,2025-12-02,empleado,1800000
C00087,87,2025-01-22,2027-11-20,administrador,2500000
C00088,88,2021-02-03,2023-05-08,administrador,2000000
C00089,89,2024-02-13,2025-08-02,administrador,800000
C00090,90,2025-03-16,2026-07-22,empleado,2500000
C00091,91,2024-04-22,2025-04-24,empleado,1200000
C00092,92,2024-05-05,2026-01-28,administrador,2500000
C00093,93,2023-03-07,2024-09-21,administrador,1800000
C00094,94,2020-10-01,2021-09-16,empleado,800000
C00095,95,2021-02-10,2023-01-25,administrador,3000000
C00096,96,2025-05-11,2025-12-22,administrador,2000000
C00097,97,2020-09-23,2023-08-11,empleado,900000
C00098,98,2022-03-07,2024-03-13,administrador,1500000
C00099,99,2023-05-22,2026-01-22,empleado,800000
C00100,100,2020-07-29,2022-10-01,empleado,3000000
C00101,101,2024-06-01,2026-06-17,empleado,2000000
C00102,102,2024-11-10,2027-07-03,administrador,1500000
C00103,103,2024-09-05,2025-03-10,administrador,1800000
C00104,104,2025-02-09,2026-11-30,administrador,1000000
C00105,105,2020-08-07,2023-01-14,empleado,1500000
C00106,106,2022-10-23,2023-12-17,empleado,2500000
C00107,107,2024-07-25,2025-06-03,administrador,1500000
C00108,108,2022-03-30,2023-12-02,administrador,2500000
C00109,109,2024-10-15,2026-07-11,administrador,1200000
C00110,110,2020-10-15,2022-03-14,empleado,3000000
C00111,111,2021-02-01,2024-01-15,empleado,1500000
C00112,112,2022-01-20,2023-04-07,administrador,1800000
C00113,113,2021-01-30,2022-12-10,administrador,3000000
C00114,114,2020-12-09,2023-01-10,empleado,1200000
C00115,115,2021-02-27,2022-11-09,administrador,1800000
C00116,116,2022-05-15,2024-03-04,empleado,1000000
C00117,117,2025-05-02,2026-03-26,empleado,3000000
C00118,118,2025-05-15,2027-05-02,empleado,2500000
C00119,119,2023-07-08,2025-03-11,empleado,3000000
C00120,120,2023-06-03,2025-07-20,administrador,1500000
C00121,121,2022-12-18,2023-08-26,empleado,2000000
C00122,122,2023-04-17,2024-12-08,administrador,2000000
C00123,123,2021-05-30,2024-01-10,empleado,1200000
C00124,124,2024-03-11,2026-07-12,empleado,2500000
C00125,125,2024-03-20,2025-03-05,empleado,1500000
C00126,126,2022-03-07,2024-08-28,administrador,800000
C00127,127,2022-12-22,2024-09-29,administrador,2500000
C00128,128,2022-06-02,2023-02-08,administrador,1800000
C00129,129,2023-10-16,2025-05-10,empleado,2500000
C00130,130,2024-06-22,2025-03-19,administrador,2000000
C00131,131,2022-02-24,2024-11-13,administrador,2500000
C00132,132,2022-12-27,2024-12-30,administrador,1000000
C00133,133,2021-09-11,2024-04-14,empleado,2000000
C00134,134,2020-11-03,2021-12-16,empleado,1200000
C00135,135,2022-11-14,2023-09-23,empleado,900000
C00136,136,2025-02-18,2025-10-09,administrador,1000000
C00137,137,2021-03-22,2022-08-22,empleado,800000
C00138,138,2022-03-07,2022-10-05,empleado,2500000
C00139,139,2020-08-06,2021-03-22,administrador,1200000
C00140,140,2020-09-16,2021-04-15,empleado,1200000
C00141,141,2021-12-04,2023-11-27,empleado,2000000
C00142,142,2024-06-30,2027-04-24,administrador,900000
C00143,143,2025-03-19,2026-11-13,empleado,1000000
C00144,144,2021-05-15,2024-04-06,administrador,800000
C00145,145,2020-10-13,2022-06-22,empleado,3000000
C00146,146,2020-07-31,2022-02-20,empleado,1800000
C00147,147,2023-07-31,2024-12-19,administrador,2000000
C00148,148,2021-02-22,2022-08-16,administrador,800000
C00149,149,2025-03-26,2026-07-04,empleado,1500000
C00150,150,2022-11-23,2023-09-07,administrador,3000000
C00151,151,2024-05-06,2025-01-23,empleado,2500000
C00152,152,2024-07-19,2025-04-30,administrador,800000
C00153,153,2022-11-19,2024-08-05,empleado,900000
C00154,154,2022-04-30,2023-05-15,empleado,1200000
C00155,155,2021-09-06,2023-08-11,empleado,2500000
C00156,156,2023-12-12,2024-07-27,administrador,1500000
C00157,157,2021-01-14,2022-01-20,empleado,3000000
C00158,158,2020-06-07,2021-04-17,empleado,2000000
C00159,159,2023-11-11,2025-10-03,administrador,1500000
C00160,160,2025-01-26,2027-02-04,administrador,2500000
C00161,161,2021-08-16,2024-01-25,administrador,3000000
C00162,162,2025-01-28,2027-11-02,empleado,800000
C00163,163,2023-10-21,2024-12-21,administrador,1000000
C00164,164,2021-04-06,2022-03-05,empleado,1500000
C00165,165,2025-01-07,2027-11-30,empleado,1500000
C00166,166,2025-01-09,2026-10-08,empleado,900000
C00167,167,2022-02-06,2022-11-25,administrador,3000000
C00168,168,2023-09-26,2026-01-12,empleado,900000
C00169,169,2020-10-16,2023-08-01,administrador,1000000
C00170,170,2024-05-25,2025-09-14,empleado,800000
C00171,171,2023-10-29,2025-09-03,empleado,2000000
C00172,172,2024-04-27,2025-12-05,empleado,800000
C00173,173,2025-04-27,2027-02-03,empleado,900000
C00174,174,2020-07-16,2023-03-07,administrador,800000
C00175,175,2020-10-18,2022-06-03,administrador,3000000
C00176,176,2020-08-28,2022-08-30,empleado,2000000
C00177,177,2021-09-13,2023-07-21,empleado,1000000
C00178,178,2023-08-04,2025-02-13,administrador,1800000
C00179,179,2023-07-13,2024-08-18,empleado,1200000
C00180,180,2025-05-23,2028-01-21,administrador,2500000
C00181,181,2023-06-20,2025-02-22,administrador,2000000
C00182,182,2023-02-19,2024-04-20,administrador,1800000
C00183,183,2022-10-15,2024-11-13,empleado,1200000
C00184,184,2022-01-08,2023-05-15,empleado,2000000
C00185,185,2024-12-16,2026-10-02,empleado,1800000
C00186,186,2021-04-17,2022-02-23,empleado,1500000
C00187,187,2020-11-14,2023-11-13,empleado,2000000
C00188,188,2023-07-01,2025-06-20,empleado,1000000
C00189,189,2023-02-03,2024-05-26,empleado,3000000
C00190,190,2021-08-21,2023-02-16,administrador,900000
C00191,191,2024-12-14,2026-03-31,administrador,3000000
C00192,192,2020-10-11,2023-08-15,administrador,1000000
C00193,193,2024-09-16,2026-05-12,empleado,3000000
C00194,194,2024-02-19,2026-03-09,administrador,2000000
C00195,195,2024-09-03,2026-08-08,administrador,1800000
C00196,196,2022-01-13,2023-05-09,empleado,1200000
C00197,197,2020-11-01,2021-06-25,empleado,900000
C00198,198,2023-10-11,2024-04-25,empleado,900000
C00199,199,2021-12-28,2023-11-19,administrador,1500000
C00200,200,2023-09-02,2024-04-19,empleado,2000000
C00201,201,2020-11-19,2023-02-20,empleado,900000
C00202,202,2024-04-14,2027-03-16,empleado,3000000
C00203,203,2022-03-16,2024-08-15,empleado,1000000
C00204,204,2022-06-20,2023-02-14,administrador,800000
C00205,205,2021-09-12,2023-04-03,empleado,1200000
C00206,206,2024-01-12,2026-07-13,administrador,1000000
C00207,207,2022-04-07,2023-04-09,empleado,2500000
C00208,208,2023-04-23,2026-01-06,empleado,900000
C00209,209,2020-12-08,2023-08-11,empleado,900000
C00210,210,2021-07-18,2024-01-16,administrador,1200000
C00211,211,2022-01-21,2023-05-18,administrador,800000
C00212,212,2023-12-09,2025-03-03,administrador,2000000
C00213,213,2023-07-12,2024-05-14,administrador,1500000
C00214,214,2020-12-04,2022-01-30,administrador,800000
C00215,215,2020-11-18,2023-11-16,empleado,3000000
C00216,216,2022-09-14,2025-07-28,administrador,1200000
C00217,217,2021-04-27,2023-01-18,empleado,900000
C00218,218,2024-09-18,2025-03-30,administrador,2000000
C00219,219,2021-05-27,2023-07-05,administrador,2500000
C00220,220,2020-10-01,2021-09-30,empleado,2500000
C00221,221,2024-07-02,2027-01-12,empleado,900000
C00222,222,2022-02-21,2023-02-07,empleado,2500000
C00223,223,2023-01-06,2023-12-21,administrador,1500000
C00224,224,2021-07-15,2024-01-26,empleado,2000000
C00225,225,2022-12-01,2024-04-07,administrador,1800000
C00226,226,2022-03-11,2022-10-29,empleado,1200000
C00227,227,2022-11-04,2023-05-05,administrador,1500000
C00228,228,2020-10-21,2022-01-27,empleado,1000000
C00229,229,2023-04-16,2026-04-02,empleado,800000
C00230,230,2021-01-17,2022-08-16,empleado,1500000
C00231,231,2021-04-05,2022-08-17,administrador,900000
C00232,232,2024-04-30,2025-11-09,empleado,1800000
C00233,233,2021-02-21,2023-11-01,administrador,900000
C00234,234,2022-09-18,2023-12-27,empleado,1500000
C00235,235,2021-07-06,2022-11-29,administrador,3000000
C00236,236,2021-01-04,2023-06-27,empleado,1200000
C00237,237,2021-05-25,2023-12-29,administrador,900000
C00238,238,2022-12-30,2024-02-14,empleado,900000
C00239,239,2021-07-29,2022-08-21,administrador,3000000
C00240,240,2022-09-20,2023-12-26,administrador,1800000
C00241,241,2024-08-23,2025-08-25,empleado,1000000
C00242,242,2024-12-22,2025-07-23,administrador,1000000
C00243,243,2024-02-03,2025-02-10,administrador,1200000
C00244,244,2024-09-30,2027-08-21,administrador,2500000
C00245,245,2022-10-31,2025-07-09,empleado,1500000
C00246,246,2022-01-26,2023-10-20,empleado,3000000
C00247,247,2022-03-10,2024-06-17,empleado,800000
C00248,248,2022-08-17,2025-06-14,administrador,800000
C00249,249,2020-05-31,2023-03-30,empleado,1800000
C00250,250,2020-07-12,2021-12-07,administrador,1000000
C00251,251,2022-05-20,2024-10-29,empleado,800000
C00252,252,2021-09-03,2022-05-21,administrador,3000000
C00253,253,2022-06-03,2025-04-01,administrador,900000
C00254,254,2023-12-09,2024-09-19,administrador,1500000
C00255,255,2022-10-25,2023-07-18,administrador,1800000
C00256,256,2025-01-13,2027-11-12,empleado,1500000
C00257,257,2022-10-30,2025-03-22,administrador,3000000
C00258,258,2023-04-03,2024-06-24,empleado,900000
C00259,259,2022-01-13,2023-05-28,administrador,800000
C00260,260,2021-05-09,2024-01-19,empleado,1000000
C00261,261,2021-08-11,2022-08-18,empleado,3000000
C00262,262,2023-11-07,2025-10-13,administrador,900000
C00263,263,2024-09-22,2025-10-02,administrador,1200000
C00264,264,2023-05-30,2026-04-11,empleado,2000000
C00265,265,2022-12-28,2025-07-17,administrador,2500000
C00266,266,2022-04-18,2024-04-01,administrador,1800000
C00267,267,2025-04-23,2026-01-25,administrador,3000000
C00268,268,2022-03-15,2024-12-28,administrador,1800000
C00269,269,2020-12-24,2021-09-03,administrador,1800000
C00270,270,2021-01-13,2023-02-03,empleado,2000000
C00271,271,2023-11-15,2025-03-17,empleado,3000000
C00272,272,2020-10-05,2021-11-21,empleado,1500000
C00273,273,2025-03-17,2026-05-11,empleado,3000000
C00274,274,2020-12-04,2022-01-11,empleado,3000000
C00275,275,2023-07-03,2024-01-26,empleado,1800000
C00276,276,2024-10-09,2026-11-18,empleado,2000000
C00277,277,2024-10-19,2025-11-07,empleado,2000000
C00278,278,2023-06-03,2024-05-25,empleado,1500000
C00279,279,2020-12-24,2023-09-01,administrador,1000000
C00280,280,2022-07-28,2023-08-07,empleado,3000000
C00281,281,2020-07-15,2023-03-27,administrador,3000000
C00282,282,2025-04-09,2026-10-09,administrador,2000000
C00283,283,2021-11-20,2024-01-02,administrador,800000
C00284,284,2025-01-09,2027-01-13,administrador,800000
C00285,285,2024-09-09,2026-11-09,administrador,800000
C00286,286,2022-04-21,2025-01-12,administrador,1800000
C00287,287,2023-07-04,2025-08-03,empleado,1500000
C00288,288,2023-10-18,2024-05-20,administrador,1000000
C00289,289,2020-05-26,2023-03-08,empleado,1800000
C00290,290,2024-03-28,2025-11-08,empleado,1500000
C00291,291,2020-06-15,2021-11-03,empleado,2000000
C00292,292,2022-02-01,2023-08-10,administrador,900000
C00293,293,2024-05-16,2026-04-23,empleado,3000000
C00294,294,2021-11-22,2023-02-10,empleado,3000000
C00295,295,2021-03-16,2023-04-16,administrador,1800000
C00296,296,2021-01-29,2021-12-04,empleado,1200000
C00297,297,2024-12-14,2027-10-19,administrador,2500000
C00298,298,2022-12-17,2025-01-06,empleado,1200000
C00299,299,2021-05-26,2024-04-21,administrador,900000
C00300,300,2024-11-07,2027-02-03,administrador,3000000
C00301,301,2024-05-11,2025-10-06,empleado,1500000
C00302,302,2024-02-11,2025-10-07,empleado,1000000
C00303,303,2022-07-19,2024-06-11,administrador,2500000
C00304,304,2022-07-22,2023-06-17,administrador,3000000
C00305,305,2023-05-29,2024-11-19,administrador,2500000
C00306,306,2024-05-05,2026-08-05,empleado,1800000
C00307,307,2024-07-02,2026-07-17,administrador,3000000
C00308,308,2021-03-18,2021-12-11,empleado,1500000
C00309,309,2025-01-30,2025-12-20,empleado,1500000
C00310,310,2020-07-19,2021-07-18,administrador,1500000
C00311,311,2021-05-26,2022-01-04,empleado,1800000
C00312,312,2021-01-07,2021-12-10,administrador,800000
C00313,313,2021-07-17,2022-11-03,empleado,2500000
C00314,314,2022-03-17,2024-03-10,empleado,900000
C00315,315,2023-03-09,2025-08-19,administrador,900000
C00316,316,2024-05-19,2025-02-05,administrador,1500000
C00317,317,2024-10-20,2026-09-28,empleado,800000
C00318,318,2020-09-20,2022-10-28,administrador,900000
C00319,319,2024-07-17,2025-07-13,administrador,2000000
C00320,320,2022-01-24,2023-09-30,administrador,1000000
C00321,321,2023-09-08,2026-01-18,empleado,1500000
C00322,322,2020-05-28,2022-08-03,empleado,800000
C00323,323,2021-06-25,2024-05-23,administrador,2500000
C00324,324,2023-06-15,2025-06-20,empleado,2500000
C00325,325,2024-10-29,2026-07-28,administrador,3000000
C00326,326,2025-01-31,2027-08-08,administrador,3000000
C00327,327,2022-03-01,2025-01-23,administrador,1000000
C00328,328,2023-10-22,2026-02-13,administrador,1800000
C00329,329,2021-08-03,2023-09-26,empleado,1200000
C00330,330,2022-06-27,2023-06-11,empleado,1800000
C00331,331,2024-07-17,2025-06-16,empleado,3000000
C00332,332,2024-12-09,2026-06-10,administrador,2500000
C00333,333,2021-12-09,2024-01-02,empleado,2000000
C00334,334,2023-01-22,2024-08-27,empleado,1000000
C00335,335,2024-11-27,2025-09-18,administrador,1800000
C00336,336,2021-03-17,2023-07-02,administrador,1800000
C00337,337,2022-08-29,2023-09-10,empleado,900000
C00338,338,2025-03-07,2027-06-19,administrador,2500000
C00339,339,2023-11-16,2024-07-18,empleado,1200000
C00340,340,2024-04-17,2026-07-02,administrador,1800000
C00341,341,2024-03-11,2025-06-08,empleado,2500000
C00342,342,2022-02-14,2023-01-28,empleado,900000
C00343,343,2020-12-16,2023-08-29,empleado,800000
C00344,344,2023-11-26,2024-09-16,empleado,1500000
C00345,345,2022-08-25,2023-08-12,administrador,3000000
C00346,346,2024-08-21,2025-08-20,administrador,1500000
C00347,347,2024-01-23,2024-08-10,administrador,1500000
C00348,348,2021-06-23,2024-04-06,empleado,1200000
C00349,349,2023-10-20,2026-08-29,empleado,2000000
C00350,350,2021-08-11,2022-02-18,empleado,1200000
C00351,351,2024-08-07,2027-08-04,administrador,2500000
C00352,352,2024-04-13,2026-07-28,administrador,1500000
C00353,353,2022-12-16,2023-11-20,administrador,1800000
C00354,354,2025-02-17,2025-12-05,empleado,1800000
C00355,355,2023-05-14,2024-06-11,administrador,800000
C00356,356,2021-02-15,2024-02-13,administrador,2000000
C00357,357,2020-07-30,2022-08-26,empleado,3000000
C00358,358,2023-09-15,2025-02-07,empleado,2000000
C00359,359,2022-04-25,2023-04-08,administrador,1200000
C00360,360,2021-04-08,2022-02-13,administrador,900000
C00361,361,2025-03-02,2026-03-11,empleado,3000000
C00362,362,2022-09-22,2025-04-19,administrador,2000000
C00363,363,2022-05-14,2023-06-07,administrador,3000000
C00364,364,2022-05-05,2022-12-15,empleado,900000
C00365,365,2020-12-15,2021-08-31,administrador,3000000
C00366,366,2023-07-14,2025-05-01,administrador,1000000
C00367,367,2022-03-19,2023-06-26,administrador,1000000
C00368,368,2024-04-14,2027-01-24,administrador,1200000
C00369,369,2025-01-03,2027-05-26,empleado,1500000
C00370,370,2022-04-03,2024-04-12,administrador,2000000
C00371,371,2024-05-29,2026-11-02,empleado,2500000
C00372,372,2021-12-08,2024-11-23,empleado,1200000
C00373,373,2023-06-10,2025-08-17,empleado,1000000
C00374,374,2022-01-16,2024-01-27,administrador,1000000
C00375,375,2025-01-04,2025-12-06,administrador,3000000
C00376,376,2020-06-27,2021-12-22,empleado,1800000
C00377,377,2021-09-03,2024-03-04,administrador,1800000
C00378,378,2022-12-20,2023-09-28,administrador,1500000
C00379,379,2020-09-24,2022-02-19,empleado,1500000
C00380,380,2021-01-15,2023-09-08,administrador,2500000
C00381,381,2021-12-13,2023-08-13,empleado,1800000
C00382,382,2021-05-23,2023-12-26,administrador,1000000
C00383,383,2023-10-01,2026-03-18,empleado,2500000
C00384,384,2021-12-27,2023-05-04,empleado,1200000
C00385,385,2022-05-18,2023-03-30,empleado,800000
C00386,386,2023-02-01,2026-01-24,administrador,1200000
C00387,387,2024-08-25,2025-03-31,administrador,800000
C00388,388,2023-09-21,2025-06-10,administrador,2500000
C00389,389,2022-06-06,2024-10-08,administrador,1000000
C00390,390,2025-04-17,2025-10-21,empleado,1800000
C00391,391,2021-07-06,2022-05-17,administrador,1500000
C00392,392,2021-02-04,2021-08-03,administrador,1000000
C00393,393,2021-05-24,2022-05-20,administrador,2000000
C00394,394,2020-10-08,2022-04-05,empleado,800000
C00395,395,2025-02-07,2028-01-08,empleado,900000
C00396,396,2023-03-22,2024-09-19,administrador,2000000
C00397,397,2022-04-07,2024-11-14,administrador,1000000
C00398,398,2020-10-30,2023-10-09,administrador,1500000
C00399,399,2023-01-22,2025-09-22,administrador,2000000
C00400,400,2021-09-07,2022-04-22,administrador,1000000
C00401,401,2022-02-17,2024-09-02,administrador,1800000
C00402,402,2024-01-28,2026-07-05,administrador,1000000
C00403,403,2021-10-02,2022-08-09,empleado,1500000
C00404,404,2024-04-14,2025-02-19,empleado,1200000
C00405,405,2021-01-30,2022-07-23,empleado,3000000
C00406,406,2023-01-01,2024-02-18,empleado,900000
C00407,407,2021-11-26,2023-06-10,empleado,2000000
C00408,408,2024-05-25,2025-08-12,administrador,900000
C00409,409,2020-09-01,2021-06-28,administrador,1200000
C00410,410,2022-04-10,2024-04-04,empleado,1200000
C00411,411,2021-05-27,2023-08-22,empleado,2000000
C00412,412,2024-11-12,2027-09-04,empleado,2500000
C00413,413,2021-02-10,2022-06-02,empleado,900000
C00414,414,2021-09-20,2022-03-27,empleado,2000000
C00415,415,2022-01-09,2023-05-09,administrador,1200000
C00416,416,2020-11-12,2022-12-29,empleado,2500000
C00417,417,2023-12-18,2026-03-15,administrador,800000
C00418,418,2021-10-14,2024-05-09,empleado,1200000
C00419,419,2023-10-29,2026-10-02,administrador,2000000
C00420,420,2023-12-06,2025-11-08,administrador,1000000
C00421,421,2023-09-07,2025-12-06,empleado,800000
C00422,422,2023-06-25,2024-06-29,empleado,900000
C00423,423,2025-05-05,2025-11-11,empleado,3000000
C00424,424,2024-08-25,2025-06-29,administrador,800000
C00425,425,2024-01-09,2025-07-16,administrador,2500000
C00426,426,2021-03-31,2022-06-03,empleado,1500000
C00427,427,2021-08-19,2023-12-30,empleado,2500000
C00428,428,2020-08-21,2022-07-25,empleado,1000000
C00429,429,2021-08-17,2024-08-07,administrador,800000
C00430,430,2020-09-27,2021-08-31,empleado,1000000
C00431,431,2024-03-09,2026-12-11,empleado,900000
C00432,432,2022-06-28,2023-05-08,administrador,900000
C00433,433,2020-07-30,2022-07-27,empleado,800000
C00434,434,2023-06-09,2025-04-13,administrador,3000000
C00435,435,2024-12-16,2026-02-17,administrador,1800000
C00436,436,2022-09-08,2023-11-19,administrador,800000
C00437,437,2022-05-01,2024-10-17,empleado,900000
C00438,438,2021-09-30,2022-09-17,empleado,1500000
C00439,439,2021-11-27,2023-07-26,empleado,900000
C00440,440,2021-04-14,2022-09-18,administrador,2500000
C00441,441,2024-02-01,2025-01-11,empleado,1800000
C00442,442,2022-04-12,2023-01-15,administrador,3000000
C00443,443,2020-05-31,2023-02-25,administrador,1000000
C00444,444,2025-03-13,2026-03-20,empleado,3000000
C00445,445,2021-08-31,2024-06-22,administrador,3000000
C00446,446,2024-05-09,2026-03-31,empleado,2000000
C00447,447,2021-01-22,2023-06-02,empleado,3000000
C00448,448,2020-10-23,2023-05-05,administrador,2500000
C00449,449,2022-05-02,2024-06-13,empleado,2000000
C00450,450,2020-10-23,2023-06-27,empleado,800000
C00451,451,2022-10-15,2024-07-22,administrador,800000
C00452,452,2023-03-31,2024-12-27,administrador,1000000
C00453,453,2021-03-16,2022-05-22,empleado,1500000
C00454,454,2024-03-17,2025-09-14,empleado,2500000
C00455,455,2023-09-06,2025-07-25,administrador,2000000
C00456,456,2023-06-11,2025-07-07,empleado,2500000
C00457,457,2020-10-27,2023-02-17,empleado,1500000
C00458,458,2024-08-26,2026-01-13,administrador,2500000
C00459,459,2020-05-29,2020-12-30,empleado,900000
C00460,460,2020-08-05,2023-06-18,administrador,1800000
C00461,461,2020-11-17,2022-04-29,administrador,800000
C00462,462,2021-09-17,2024-04-04,administrador,3000000
C00463,463,2020-07-27,2021-11-17,empleado,1200000
C00464,464,2020-12-20,2022-11-25,administrador,1800000
C00465,465,2020-09-11,2022-12-18,administrador,1200000
C00466,466,2022-12-09,2024-09-11,empleado,1500000
C00467,467,2024-04-27,2025-11-28,empleado,1500000
C00468,468,2021-05-12,2022-01-24,empleado,2000000
C00469,469,2021-01-18,2021-07-17,empleado,1000000
C00470,470,2021-11-15,2023-11-17,empleado,3000000
C00471,471,2021-01-21,2023-05-22,empleado,1200000
C00472,472,2023-05-17,2026-03-16,administrador,800000
C00473,473,2021-11-03,2022-12-24,administrador,1000000
C00474,474,2023-07-01,2025-02-18,administrador,1500000
C00475,475,2024-09-13,2025-05-24,empleado,3000000
C00476,476,2022-11-15,2024-07-24,empleado,1200000
C00477,477,2022-09-20,2024-12-19,empleado,3000000
C00478,478,2021-12-14,2023-12-23,administrador,1500000
C00479,479,2023-05-30,2025-03-20,administrador,900000
C00480,480,2021-02-19,2023-02-07,empleado,800000
C00481,481,2022-06-29,2024-05-05,empleado,900000
C00482,482,2020-12-21,2023-09-16,empleado,3000000
C00483,483,2022-08-13,2024-08-24,empleado,800000
C00484,484,2024-12-16,2026-03-07,administrador,2500000
C00485,485,2023-07-22,2026-07-14,administrador,1500000
C00486,486,2021-10-14,2022-11-06,administrador,3000000
C00487,487,2023-01-09,2025-11-09,administrador,2500000
C00488,488,2025-03-06,2026-01-02,administrador,2500000
C00489,489,2024-11-06,2026-09-28,empleado,1200000
C00490,490,2024-02-04,2024-10-13,empleado,2500000
C00491,491,2024-04-13,2026-05-06,administrador,800000
C00492,492,2024-01-04,2026-07-30,empleado,1200000
C00493,493,2021-12-13,2023-12-07,empleado,1200000
C00494,494,2021-12-25,2024-03-07,empleado,1000000
C00495,495,2025-03-06,2026-10-22,empleado,900000
C00496,496,2022-10-12,2024-06-28,administrador,1800000
C00497,497,2024-08-02,2026-03-05,empleado,800000
C00498,498,2020-08-16,2022-05-28,administrador,2000000
C00499,499,2023-12-15,2025-11-01,administrador,900000
C00500,500,2020-08-10,2022-03-15,empleado,800000
C00501,501,2020-12-10,2022-10-09,administrador,3000000
C00502,502,2021-09-12,2023-01-12,empleado,1800000
C00503,503,2023-01-14,2024-06-03,administrador,1000000
C00504,504,2021-05-07,2023-03-21,empleado,1200000
C00505,505,2024-04-01,2026-11-08,empleado,3000000
C00506,506,2020-11-16,2023-02-22,empleado,2500000
C00507,507,2023-11-03,2025-07-25,empleado,1500000
C00508,508,2024-07-18,2025-04-19,empleado,900000
C00509,509,2024-12-09,2025-12-11,empleado,1000000
C00510,510,2023-09-27,2025-05-14,administrador,800000
C00511,511,2025-05-22,2026-11-05,empleado,1500000
C00512,512,2022-04-26,2024-01-22,empleado,1800000
C00513,513,2022-03-06,2023-08-27,empleado,2500000
C00514,514,2021-10-14,2022-04-14,administrador,1500000
C00515,515,2024-06-11,2025-02-12,empleado,1500000
C00516,516,2024-10-06,2026-01-07,empleado,1000000
C00517,517,2023-03-02,2026-01-22,empleado,2000000
C00518,518,2023-05-31,2024-08-22,administrador,2500000
C00519,519,2023-06-18,2024-03-22,empleado,2000000
C00520,520,2020-07-09,2022-12-13,empleado,1000000
C00521,521,2023-08-19,2024-11-03,empleado,1200000
C00522,522,2022-12-22,2025-02-06,empleado,3000000
C00523,523,2024-03-15,2024-09-12,administrador,2500000
C00524,524,2020-11-28,2023-06-24,empleado,1800000
C00525,525,2023-05-11,2025-06-19,administrador,1500000
C00526,526,2022-09-14,2025-05-14,administrador,1000000
C00527,527,2020-07-06,2022-06-08,empleado,900000
C00528,528,2024-11-10,2026-08-11,administrador,1500000
C00529,529,2020-11-22,2023-06-25,empleado,1000000
C00530,530,2023-11-26,2026-10-21,empleado,1200000
C00531,531,2024-01-15,2026-06-29,empleado,2500000
C00532,532,2025-02-26,2026-06-11,empleado,900000
C00533,533,2021-10-04,2024-08-13,empleado,1000000
C00534,534,2021-07-14,2024-06-16,administrador,3000000
C00535,535,2024-04-03,2025-04-18,administrador,1500000
C00536,536,2025-02-06,2025-11-23,administrador,1500000
C00537,537,2024-06-10,2025-06-09,empleado,3000000
C00538,538,2020-11-10,2022-09-01,empleado,900000
C00539,539,2022-01-18,2023-10-02,administrador,3000000
C00540,540,2021-10-17,2023-01-27,administrador,2000000
C00541,541,2023-08-23,2026-01-08,empleado,1500000
C00542,542,2022-08-09,2024-08-13,administrador,1000000
C00543,543,2024-01-25,2026-01-14,administrador,900000
C00544,544,2023-06-27,2024-02-23,empleado,2000000
C00545,545,2020-09-05,2021-10-24,empleado,1200000
C00546,546,2022-08-07,2023-02-18,administrador,900000
C00547,547,2020-06-06,2022-02-07,empleado,1500000
C00548,548,2020-09-13,2021-08-28,empleado,1500000
C00549,549,2024-01-21,2027-01-19,administrador,1000000
C00550,550,2021-09-07,2022-08-19,administrador,1000000
C00551,551,2023-10-28,2026-09-17,administrador,800000
C00552,552,2020-12-15,2021-06-21,empleado,800000
C00553,553,2020-07-24,2022-10-11,empleado,1200000
C00554,554,2024-12-14,2026-11-28,empleado,900000
C00555,555,2024-01-31,2026-08-24,administrador,1200000
C00556,556,2023-02-25,2023-10-30,empleado,1200000
C00557,557,2024-03-03,2026-05-23,empleado,1200000
C00558,558,2024-09-30,2026-06-06,empleado,2000000
C00559,559,2024-08-22,2025-12-31,administrador,2000000
C00560,560,2025-01-22,2027-09-30,administrador,3000000
C00561,561,2024-10-24,2027-10-06,administrador,900000
C00562,562,2022-03-26,2023-01-03,administrador,900000
C00563,563,2021-07-18,2023-04-26,administrador,1500000
C00564,564,2021-11-05,2024-07-01,empleado,1200000
C00565,565,2025-03-08,2025-11-18,empleado,800000
C00566,566,2024-10-05,2026-05-12,empleado,3000000
C00567,567,2024-01-07,2025-05-06,empleado,1500000
C00568,568,2024-05-17,2024-12-30,administrador,1000000
C00569,569,2023-08-31,2024-06-30,empleado,1200000
C00570,570,2022-08-09,2025-07-29,empleado,1200000
C00571,571,2022-12-19,2023-11-18,administrador,900000
C00572,572,2024-12-21,2026-08-18,administrador,800000
C00573,573,2021-07-18,2024-04-04,administrador,900000
C00574,574,2022-10-24,2024-03-08,empleado,1000000
C00575,575,2023-05-16,2024-03-18,empleado,2500000
C00576,576,2022-09-18,2024-01-21,administrador,2000000
C00577,577,2023-03-07,2024-09-29,administrador,2500000
C00578,578,2023-09-18,2025-04-25,empleado,3000000
C00579,579,2021-10-21,2024-09-14,administrador,1800000
C00580,580,2022-01-12,2024-11-24,empleado,800000
C00581,581,2023-06-19,2025-10-28,administrador,2500000
C00582,582,2021-06-09,2022-11-01,empleado,800000
C00583,583,2022-12-12,2025-11-05,administrador,800000
C00584,584,2023-05-11,2025-08-06,empleado,1000000
C00585,585,2022-02-16,2023-05-15,empleado,1800000
C00586,586,2020-06-30,2021-08-17,administrador,1200000
C00587,587,2025-02-15,2027-08-09,empleado,800000
C00588,588,2025-04-02,2026-11-15,empleado,900000
C00589,589,2024-08-14,2025-05-27,administrador,1800000
C00590,590,2024-06-19,2026-03-06,administrador,1500000
C00591,591,2025-05-22,2027-05-11,empleado,2500000
C00592,592,2021-12-17,2023-08-27,administrador,1200000
C00593,593,2025-02-02,2026-10-27,empleado,3000000
C00594,594,2023-02-22,2024-09-19,empleado,1500000
C00595,595,2023-08-07,2026-07-31,empleado,900000
C00596,596,2022-08-02,2024-02-26,administrador,1500000
C00597,597,2024-06-04,2026-01-24,administrador,1800000
C00598,598,2024-09-17,2026-04-10,administrador,800000
C00599,599,2021-01-19,2021-11-07,administrador,800000
C00600,600,2025-03-17,2027-03-15,empleado,1500000
C00601,601,2021-08-22,2022-11-15,empleado,1800000
C00602,602,2023-07-11,2024-02-08,empleado,2500000
C00603,603,2021-02-11,2022-01-16,empleado,2000000
C00604,604,2024-11-30,2026-05-04,empleado,1000000
C00605,605,2020-06-13,2021-09-27,empleado,2500000
C00606,606,2025-01-21,2027-07-10,administrador,900000
C00607,607,2023-09-27,2025-07-29,empleado,1200000
C00608,608,2022-01-21,2024-03-08,empleado,3000000
C00609,609,2022-03-05,2024-12-04,empleado,2000000
C00610,610,2023-05-13,2024-10-30,administrador,2500000
C00611,611,2023-06-02,2023-12-11,administrador,1500000
C00612,612,2021-03-08,2021-10-03,empleado,900000
C00613,613,2023-05-12,2025-01-18,administrador,2500000
C00614,614,2024-07-17,2025-11-16,empleado,1200000
C00615,615,2025-04-03,2027-12-05,administrador,3000000
C00616,616,2024-12-28,2026-03-13,administrador,1500000
C00617,617,2023-11-03,2026-01-10,empleado,1200000
C00618,618,2021-11-03,2024-02-17,administrador,2000000
C00619,619,2024-03-26,2026-06-05,empleado,1500000
C00620,620,2021-06-25,2023-09-29,empleado,2500000
C00621,621,2024-11-26,2025-06-07,empleado,1800000
C00622,622,2022-04-30,2024-03-05,empleado,1500000
C00623,623,2024-11-22,2027-08-07,administrador,2000000
C00624,624,2025-05-17,2028-01-29,administrador,800000
C00625,625,2024-06-04,2026-12-01,administrador,1800000
C00626,626,2020-10-16,2021-06-16,administrador,1000000
C00627,627,2021-12-14,2022-09-29,empleado,1000000
C00628,628,2023-04-27,2024-02-08,empleado,1200000
C00629,629,2022-07-22,2023-03-28,administrador,1800000
C00630,630,2025-05-13,2027-10-30,empleado,800000
C00631,631,2024-11-07,2026-05-16,empleado,800000
C00632,632,2020-07-13,2021-04-27,empleado,2500000
C00633,633,2022-09-27,2025-06-08,administrador,2000000
C00634,634,2021-03-16,2022-06-26,empleado,2500000
C00635,635,2021-11-15,2024-05-18,administrador,1500000
C00636,636,2021-10-14,2023-02-01,administrador,1500000
C00637,637,2021-12-04,2024-03-17,empleado,1500000
C00638,638,2021-09-26,2022-08-13,administrador,2500000
C00639,639,2023-08-22,2025-03-19,administrador,1200000
C00640,640,2024-07-30,2026-01-30,empleado,1000000
C00641,641,2025-02-22,2027-01-02,empleado,900000
C00642,642,2023-05-06,2026-05-03,administrador,800000
C00643,643,2024-12-24,2026-09-11,administrador,1000000
C00644,644,2021-04-25,2023-09-27,empleado,1000000
C00645,645,2025-02-07,2027-11-20,administrador,2000000
C00646,646,2021-12-08,2024-08-16,empleado,900000
C00647,647,2023-09-08,2024-03-24,empleado,900000
C00648,648,2020-08-25,2023-03-26,empleado,800000
C00649,649,2024-06-14,2026-12-02,empleado,900000
C00650,650,2020-07-25,2023-04-06,empleado,900000
C00651,651,2023-04-20,2025-05-31,empleado,2500000
C00652,652,2022-01-29,2022-09-20,empleado,3000000
C00653,653,2021-12-01,2023-06-23,empleado,2000000
C00654,654,2021-08-25,2024-01-21,empleado,1500000
C00655,655,2023-12-22,2024-08-10,empleado,1800000
C00656,656,2021-08-21,2023-11-06,empleado,1800000
C00657,657,2023-03-05,2025-02-24,empleado,1500000
C00658,658,2022-10-21,2024-05-08,administrador,900000
C00659,659,2021-06-23,2022-02-26,empleado,3000000
C00660,660,2023-07-28,2026-04-15,administrador,1200000
C00661,661,2021-11-27,2024-02-15,administrador,2500000
C00662,662,2024-10-05,2026-03-28,empleado,1000000
C00663,663,2021-08-18,2022-10-21,administrador,1500000
C00664,664,2025-01-12,2026-07-14,empleado,1800000
C00665,665,2022-07-27,2023-02-22,empleado,3000000
C00666,666,2021-09-24,2023-06-25,administrador,1000000
C00667,667,2021-02-24,2023-08-26,administrador,1000000
C00668,668,2023-07-14,2024-11-14,administrador,1800000
C00669,669,2024-07-10,2027-06-07,empleado,2000000
C00670,670,2021-03-16,2023-03-07,administrador,1000000
C00671,671,2020-07-16,2023-05-11,empleado,800000
C00672,672,2024-09-01,2027-05-24,administrador,3000000
C00673,673,2023-07-28,2024-02-03,administrador,3000000
C00674,674,2023-01-27,2024-01-27,empleado,800000
C00675,675,2020-06-07,2021-11-18,empleado,1800000
C00676,676,2022-11-28,2024-02-15,administrador,2500000
C00677,677,2023-07-03,2026-01-17,administrador,2000000
C00678,678,2023-03-04,2024-08-12,empleado,2500000
C00679,679,2021-05-14,2023-03-20,administrador,900000
C00680,680,2025-03-23,2026-12-01,administrador,1200000
C00681,681,2023-06-23,2025-02-07,empleado,2500000
C00682,682,2024-02-01,2026-03-22,empleado,1500000
C00683,683,2023-05-31,2024-11-06,administrador,900000
C00684,684,2023-08-07,2024-08-21,administrador,2000000
C00685,685,2021-06-10,2023-12-22,administrador,1200000
C00686,686,2021-07-04,2023-05-25,empleado,1800000
C00687,687,2021-08-21,2023-08-05,empleado,1800000
C00688,688,2021-01-04,2021-10-25,empleado,2000000
C00689,689,2022-01-11,2023-04-14,administrador,1800000
C00690,690,2025-04-20,2027-10-04,administrador,1200000
C00691,691,2021-08-26,2022-10-02,administrador,2000000
C00692,692,2021-06-12,2023-02-18,administrador,900000
C00693,693,2025-01-03,2026-03-06,administrador,1000000
C00694,694,2020-07-31,2023-05-15,empleado,900000
C00695,695,2021-08-26,2023-01-02,empleado,1000000
C00696,696,2025-05-10,2026-07-30,empleado,1200000
C00697,697,2023-02-06,2025-09-11,administrador,2500000
C00698,698,2022-01-11,2024-08-12,empleado,800000
C00699,699,2024-08-25,2026-06-27,administrador,800000
C00700,700,2024-11-30,2026-07-27,empleado,2000000
C00701,701,2023-02-21,2023-09-29,empleado,1200000
C00702,702,2024-11-06,2026-12-15,administrador,3000000
C00703,703,2021-11-28,2024-06-15,administrador,3000000
C00704,704,2025-04-24,2026-10-14,empleado,3000000
C00705,705,2021-03-19,2023-03-20,empleado,1500000
C00706,706,2022-05-20,2024-08-31,empleado,1000000
C00707,707,2025-05-22,2026-02-23,empleado,2500000
C00708,708,2021-04-01,2022-02-13,administrador,1500000
C00709,709,2025-01-19,2025-07-25,administrador,3000000
C00710,710,2021-02-03,2022-04-20,administrador,1200000
C00711,711,2023-01-31,2025-03-11,empleado,1500000
C00712,712,2020-06-13,2023-01-14,empleado,2000000
C00713,713,2023-09-18,2024-10-16,administrador,3000000
C00714,714,2020-10-02,2023-02-09,administrador,1200000
C00715,715,2022-02-12,2025-01-17,administrador,1500000
C00716,716,2021-06-24,2024-03-08,empleado,1800000
C00717,717,2023-03-12,2024-02-01,empleado,3000000
C00718,718,2023-07-15,2025-04-07,empleado,900000
C00719,719,2021-09-12,2022-12-24,empleado,2500000
C00720,720,2024-12-24,2026-10-15,empleado,3000000
C00721,721,2025-03-26,2027-02-21,empleado,900000
C00722,722,2024-06-11,2024-12-10,empleado,1500000
C00723,723,2024-09-14,2025-06-20,empleado,1500000
C00724,724,2024-07-26,2026-10-07,empleado,3000000
C00725,725,2021-03-20,2023-12-29,administrador,2000000
C00726,726,2023-01-03,2025-12-22,administrador,800000
C00727,727,2023-05-12,2025-11-11,administrador,2500000
C00728,728,2022-07-08,2023-10-06,empleado,2000000
C00729,729,2022-08-09,2024-10-16,administrador,1200000
C00730,730,2023-12-02,2026-03-07,empleado,1000000
C00731,731,2024-06-15,2027-04-02,empleado,1000000
C00732,732,2021-02-14,2023-06-23,administrador,800000
C00733,733,2023-01-19,2024-02-15,empleado,2500000
C00734,734,2020-08-10,2022-05-19,empleado,1000000
C00735,735,2022-03-31,2023-06-14,administrador,900000
C00736,736,2021-07-16,2022-09-13,administrador,900000
C00737,737,2025-04-26,2027-03-18,empleado,2000000
C00738,738,2024-08-16,2026-05-18,empleado,3000000
C00739,739,2025-02-24,2027-05-26,empleado,1200000
C00740,740,2021-07-03,2023-03-10,administrador,1800000
C00741,741,2020-07-21,2022-10-06,administrador,2000000
C00742,742,2023-02-28,2025-02-15,administrador,1000000
C00743,743,2023-11-04,2026-03-25,administrador,1800000
C00744,744,2024-01-21,2024-08-29,empleado,1800000
C00745,745,2021-03-04,2022-02-04,empleado,2500000
C00746,746,2020-08-03,2021-04-06,administrador,1000000
C00747,747,2021-09-26,2024-08-13,empleado,2500000
C00748,748,2022-09-24,2024-11-19,administrador,1800000
C00749,749,2025-04-08,2027-05-11,empleado,800000
C00750,750,2023-10-12,2024-10-01,empleado,900000
C00751,751,2021-04-05,2022-10-07,empleado,2000000
C00752,752,2024-09-02,2026-02-09,empleado,1500000
C00753,753,2025-05-03,2027-09-26,empleado,1800000
C00754,754,2025-02-27,2025-11-16,administrador,1800000
C00755,755,2021-08-17,2024-07-22,administrador,3000000
C00756,756,2020-07-04,2020-12-31,empleado,800000
C00757,757,2024-01-14,2026-02-14,empleado,800000
C00758,758,2022-09-11,2023-12-05,administrador,2000000
C00759,759,2021-11-10,2023-06-09,administrador,1000000
C00760,760,2022-09-20,2023-11-28,administrador,800000
C00761,761,2022-03-26,2024-02-28,administrador,1800000
C00762,762,2022-07-31,2024-11-13,empleado,800000
C00763,763,2022-08-26,2025-08-01,administrador,1500000
C00764,764,2022-04-07,2024-07-07,empleado,1000000
C00765,765,2025-03-25,2028-03-16,administrador,1200000
C00766,766,2024-10-02,2026-10-04,empleado,1000000
C00767,767,2020-08-29,2023-01-23,administrador,1500000
C00768,768,2021-10-22,2022-04-21,administrador,800000
C00769,769,2021-11-11,2022-10-17,empleado,800000
C00770,770,2022-08-05,2023-07-02,administrador,1000000
C00771,771,2024-04-13,2027-03-16,empleado,1000000
C00772,772,2021-12-26,2022-12-19,administrador,1200000
C00773,773,2022-12-13,2024-10-23,administrador,3000000
C00774,774,2022-06-14,2024-07-14,empleado,800000
C00775,775,2021-04-03,2023-09-14,administrador,2500000
C00776,776,2024-02-18,2025-12-30,administrador,1000000
C00777,777,2024-01-27,2025-05-26,administrador,1200000
C00778,778,2025-02-17,2027-02-07,empleado,2500000
C00779,779,2022-03-30,2023-08-18,administrador,3000000
C00780,780,2023-02-10,2024-05-04,administrador,900000
C00781,781,2022-08-08,2023-07-08,administrador,1800000
C00782,782,2021-04-06,2021-10-20,empleado,2500000
C00783,783,2023-10-27,2025-03-07,empleado,1500000
C00784,784,2022-05-20,2023-02-20,empleado,3000000
C00785,785,2024-08-09,2027-02-04,empleado,1800000
C00786,786,2020-12-18,2022-06-27,administrador,1000000
C00787,787,2023-11-16,2025-09-21,empleado,3000000
C00788,788,2020-09-06,2022-12-24,empleado,3000000
C00789,789,2023-11-13,2026-04-23,administrador,2000000
C00790,790,2020-10-03,2022-01-03,empleado,900000
C00791,791,2022-02-05,2024-09-09,empleado,1800000
C00792,792,2022-09-20,2023-06-11,empleado,900000
C00793,793,2024-09-12,2025-12-25,administrador,1000000
C00794,794,2021-09-09,2023-04-11,administrador,1200000
C00795,795,2024-12-19,2025-07-29,empleado,800000
C00796,796,2023-06-09,2025-04-25,empleado,3000000
C00797,797,2024-04-12,2025-09-02,administrador,1000000
C00798,798,2024-06-06,2026-12-01,empleado,1200000
C00799,799,2025-01-12,2026-06-26,empleado,1500000
C00800,800,2023-03-09,2025-03-09,administrador,1000000
C00801,801,2024-04-06,2025-12-27,administrador,1000000
C00802,802,2022-05-21,2023-10-27,administrador,1500000
C00803,803,2024-12-28,2025-12-07,empleado,1200000
C00804,804,2020-09-10,2022-07-14,administrador,1800000
C00805,805,2021-07-15,2022-12-30,administrador,1500000
C00806,806,2022-08-04,2024-03-02,administrador,1500000
C00807,807,2025-02-23,2025-11-09,administrador,900000
C00808,808,2021-12-19,2024-08-01,administrador,3000000
C00809,809,2020-08-17,2021-03-27,empleado,1500000
C00810,810,2023-06-04,2024-09-05,empleado,900000
C00811,811,2023-03-06,2025-03-17,empleado,1000000
C00812,812,2022-05-05,2023-06-12,administrador,3000000
C00813,813,2023-03-20,2025-03-11,administrador,1800000
C00814,814,2024-12-15,2027-05-28,administrador,1200000
C00815,815,2021-01-07,2022-11-09,administrador,1200000
C00816,816,2021-11-23,2024-11-20,empleado,2000000
C00817,817,2020-10-10,2021-07-18,administrador,2000000
C00818,818,2021-05-19,2023-11-22,empleado,1200000
C00819,819,2023-01-13,2023-12-30,empleado,2500000
C00820,820,2025-05-25,2027-02-15,administrador,900000
C00821,821,2020-09-02,2023-05-14,empleado,2500000
C00822,822,2023-06-15,2024-06-19,administrador,800000
C00823,823,2020-09-25,2022-03-21,administrador,800000
C00824,824,2024-05-15,2026-05-11,administrador,1200000
C00825,825,2021-01-04,2023-09-10,empleado,800000
C00826,826,2023-11-10,2024-11-13,empleado,2000000
C00827,827,2023-08-11,2025-06-15,administrador,1500000
C00828,828,2022-02-16,2023-10-23,empleado,1200000
C00829,829,2024-09-13,2025-06-28,administrador,1500000
C00830,830,2023-11-18,2025-03-14,administrador,1200000
C00831,831,2025-02-21,2027-02-22,empleado,1500000
C00832,832,2020-11-26,2022-01-20,administrador,2500000
C00833,833,2024-09-06,2027-07-04,administrador,1800000
C00834,834,2021-05-15,2023-02-21,administrador,2500000
C00835,835,2023-02-27,2025-01-05,empleado,3000000
C00836,836,2022-10-26,2024-12-15,administrador,3000000
C00837,837,2022-03-04,2025-02-17,administrador,800000
C00838,838,2023-05-16,2024-02-08,administrador,2000000
C00839,839,2021-09-16,2023-05-22,administrador,1000000
C00840,840,2021-04-02,2021-10-12,administrador,1800000
C00841,841,2022-11-13,2024-08-08,empleado,3000000
C00842,842,2024-06-05,2026-12-10,administrador,2000000
C00843,843,2022-09-02,2024-10-28,empleado,2000000
C00844,844,2023-09-13,2024-03-26,empleado,1800000
C00845,845,2021-06-20,2022-01-04,administrador,2000000
C00846,846,2025-01-21,2027-02-16,empleado,2000000
C00847,847,2021-03-20,2022-07-23,administrador,3000000
C00848,848,2020-07-30,2022-04-23,administrador,2500000
C00849,849,2022-03-10,2024-05-12,administrador,1200000
C00850,850,2022-04-08,2023-01-25,administrador,900000
C00851,851,2020-06-13,2021-05-21,empleado,900000
C00852,852,2022-12-31,2024-09-16,empleado,2500000
C00853,853,2022-02-08,2024-04-12,empleado,1200000
C00854,854,2021-04-08,2021-11-25,empleado,3000000
C00855,855,2023-05-08,2024-08-06,empleado,1800000
C00856,856,2022-11-17,2024-04-04,empleado,1800000
C00857,857,2020-11-18,2021-11-22,empleado,900000
C00858,858,2025-01-27,2027-04-10,administrador,800000
C00859,859,2023-05-14,2026-01-19,empleado,900000
C00860,860,2021-02-16,2022-01-01,empleado,2500000
C00861,861,2020-11-01,2022-04-25,empleado,3000000
C00862,862,2022-08-21,2024-12-23,empleado,3000000
C00863,863,2021-09-08,2023-06-04,administrador,1000000
C00864,864,2023-03-21,2026-02-28,empleado,3000000
C00865,865,2023-02-03,2024-08-19,administrador,1000000
C00866,866,2024-07-09,2027-05-19,empleado,2500000
C00867,867,2024-02-10,2025-02-25,administrador,1800000
C00868,868,2020-11-02,2023-01-03,administrador,2000000
C00869,869,2020-08-09,2021-09-03,administrador,3000000
C00870,870,2021-06-03,2022-12-15,administrador,1500000
C00871,871,2021-03-24,2022-07-12,empleado,1200000
C00872,872,2024-03-02,2026-07-28,empleado,900000
C00873,873,2021-08-17,2024-05-13,empleado,1200000
C00874,874,2023-08-27,2024-08-07,empleado,1500000
C00875,875,2023-04-18,2024-05-05,administrador,3000000
C00876,876,2022-03-24,2024-02-02,empleado,3000000
C00877,877,2020-08-15,2021-02-13,empleado,1000000
C00878,878,2020-12-13,2023-12-06,administrador,1000000
C00879,879,2024-12-16,2025-08-27,administrador,1000000
C00880,880,2024-03-05,2025-06-07,empleado,1000000
C00881,881,2022-04-17,2024-02-23,administrador,1000000
C00882,882,2020-10-29,2023-09-15,empleado,900000
C00883,883,2024-07-26,2025-12-23,administrador,800000
C00884,884,2023-02-11,2025-09-10,administrador,2000000
C00885,885,2020-07-17,2023-04-13,administrador,1000000
C00886,886,2024-04-29,2027-01-09,administrador,1800000
C00887,887,2025-05-03,2027-04-01,administrador,1500000
C00888,888,2020-06-12,2021-09-22,empleado,1800000
C00889,889,2024-07-19,2027-03-30,empleado,2500000
C00890,890,2025-01-23,2026-11-28,empleado,1500000
C00891,891,2022-10-27,2025-03-09,empleado,800000
C00892,892,2024-01-28,2026-09-02,administrador,900000
C00893,893,2022-01-31,2023-07-07,empleado,900000
C00894,894,2020-10-29,2023-06-07,empleado,1500000
C00895,895,2021-01-04,2023-10-16,empleado,1000000
C00896,896,2020-10-28,2023-10-07,administrador,1000000
C00897,897,2024-09-21,2026-10-24,administrador,900000
C00898,898,2021-10-06,2023-06-27,empleado,1000000
C00899,899,2024-06-12,2026-06-05,empleado,2000000
C00900,900,2022-05-27,2023-07-06,empleado,900000
C00901,901,2020-07-16,2022-06-04,administrador,2500000
C00902,902,2020-08-11,2022-06-21,empleado,900000
C00903,903,2025-01-08,2026-06-09,empleado,1000000
C00904,904,2020-09-06,2022-07-09,administrador,2000000
C00905,905,2021-11-10,2022-05-25,empleado,1200000
C00906,906,2022-06-16,2024-07-13,administrador,1500000
C00907,907,2023-10-26,2025-03-28,administrador,900000
C00908,908,2023-11-29,2025-10-12,administrador,2500000
C00909,909,2023-04-12,2024-03-27,empleado,3000000
C00910,910,2021-12-06,2024-12-04,empleado,2500000
C00911,911,2023-11-23,2024-06-07,administrador,800000
C00912,912,2023-05-13,2025-09-19,administrador,1000000
C00913,913,2022-01-01,2024-09-24,empleado,1500000
C00914,914,2024-08-26,2027-08-18,administrador,900000
C00915,915,2024-10-13,2027-05-27,administrador,800000
C00916,916,2024-03-09,2026-01-12,administrador,1800000
C00917,917,2022-11-02,2025-04-15,empleado,1500000
C00918,918,2021-06-09,2022-09-05,empleado,800000
C00919,919,2023-11-26,2025-10-05,administrador,900000
C00920,920,2020-08-06,2021-06-23,empleado,3000000
C00921,921,2024-07-21,2026-12-19,empleado,1800000
C00922,922,2020-07-19,2021-01-21,administrador,2500000
C00923,923,2023-03-30,2025-01-25,empleado,2500000
C00924,924,2022-04-20,2024-10-23,administrador,2500000
C00925,925,2021-07-11,2023-09-15,empleado,1000000
C00926,926,2023-12-11,2026-11-22,administrador,900000
C00927,927,2020-09-21,2023-01-27,administrador,3000000
C00928,928,2023-08-16,2024-07-11,empleado,3000000
C00929,929,2021-10-09,2022-07-18,administrador,800000
C00930,930,2024-12-08,2025-12-03,administrador,1200000
C00931,931,2020-11-20,2022-05-21,administrador,1500000
C00932,932,2022-10-20,2024-01-02,administrador,1200000
C00933,933,2023-07-30,2026-02-24,administrador,2000000
C00934,934,2025-04-25,2026-08-27,empleado,1000000
C00935,935,2022-06-12,2023-07-03,empleado,3000000
C00936,936,2021-07-10,2022-01-09,administrador,2000000
C00937,937,2024-08-10,2026-03-31,empleado,1000000
C00938,938,2024-03-02,2026-05-04,administrador,3000000
C00939,939,2024-06-25,2025-09-29,empleado,1200000
C00940,940,2024-04-20,2026-06-12,administrador,800000
C00941,941,2023-10-17,2026-05-05,empleado,1500000
C00942,942,2025-05-22,2026-03-13,administrador,1800000
C00943,943,2021-04-18,2023-10-26,administrador,900000
C00944,944,2020-07-11,2023-01-26,administrador,3000000
C00945,945,2023-05-23,2025-09-02,administrador,1800000
C00946,946,2021-04-17,2023-03-02,empleado,1500000
C00947,947,2021-09-10,2023-10-27,administrador,2500000
C00948,948,2024-02-01,2024-12-02,administrador,1000000
C00949,949,2024-11-14,2026-04-30,administrador,1500000
C00950,950,2023-05-17,2024-10-07,empleado,2000000
C00951,951,2021-03-28,2023-04-23,administrador,800000
C00952,952,2020-08-22,2021-12-31,empleado,800000
C00953,953,2023-06-30,2025-03-17,administrador,1500000
C00954,954,2024-10-12,2026-11-01,empleado,1000000
C00955,955,2024-12-12,2026-07-20,administrador,800000
C00956,956,2021-12-17,2024-12-12,administrador,2500000
C00957,957,2022-09-22,2025-09-08,empleado,1000000
C00958,958,2024-06-03,2025-08-01,empleado,1800000
C00959,959,2020-09-19,2022-08-31,empleado,900000
C00960,960,2020-10-03,2022-12-19,administrador,900000
C00961,961,2024-05-01,2025-07-06,administrador,1200000
C00962,962,2021-11-29,2023-07-06,empleado,900000
C00963,963,2023-07-13,2024-12-08,empleado,900000
C00964,964,2023-12-09,2024-06-11,administrador,1000000
C00965,965,2022-07-14,2025-03-15,empleado,1800000
C00966,966,2023-02-13,2024-06-17,empleado,900000
C00967,967,2022-09-27,2023-09-14,empleado,800000
C00968,968,2024-05-07,2025-11-01,empleado,900000
C00969,969,2021-04-03,2023-02-14,administrador,900000
C00970,970,2022-07-20,2025-01-16,administrador,2000000
C00971,971,2021-05-21,2022-12-03,administrador,1500000
C00972,972,2022-09-23,2024-02-10,empleado,2000000
C00973,973,2024-02-10,2025-08-01,administrador,2000000
C00974,974,2024-01-20,2026-07-02,empleado,1800000
C00975,975,2025-01-11,2027-10-06,empleado,2500000
C00976,976,2024-09-01,2027-01-01,empleado,2500000
C00977,977,2021-08-11,2023-09-23,administrador,2500000
C00978,978,2020-10-03,2023-06-12,empleado,1500000
C00979,979,2021-01-27,2022-11-26,empleado,1500000
C00980,980,2023-08-23,2025-08-11,administrador,1800000
C00981,981,2021-09-09,2022-04-01,administrador,1200000
C00982,982,2024-07-08,2026-06-26,empleado,900000
C00983,983,2024-04-12,2024-12-14,administrador,1200000
C00984,984,2024-11-29,2025-08-20,empleado,900000
C00985,985,2020-11-06,2021-08-17,administrador,1200000
C00986,986,2020-12-18,2023-11-02,empleado,800000
C00987,987,2022-09-12,2024-03-24,administrador,2000000
C00988,988,2024-04-27,2027-02-19,empleado,1500000
C00989,989,2024-05-07,2026-08-16,administrador,1000000
C00990,990,2020-09-14,2022-02-07,empleado,2000000
C00991,991,2023-07-02,2026-02-11,administrador,1500000
C00992,992,2023-05-24,2025-07-10,administrador,1000000
C00993,993,2024-03-07,2027-03-01,empleado,800000
C00994,994,2024-05-06,2025-11-23,empleado,1500000
C00995,995,2024-11-21,2026-07-16,administrador,800000
C00996,996,2022-12-19,2023-06-24,empleado,2500000
C00997,997,2022-02-08,2025-01-29,empleado,1000000
C00998,998,2021-10-23,2024-10-02,administrador,800000
C00999,999,2024-07-11,2025-08-22,administrador,3000000
C01000,1000,2022-12-07,2023-08-23,administrador,900000
