quantity,code_product,code_customer_bill
2,P00191,0000000001
10,P00770,0000000001
7,P00427,0000000001
1,P00221,0000000002
2,P00996,0000000002
5,P00823,0000000003
8,P00499,0000000003
10,P00728,0000000003
9,P00126,0000000003
7,P00786,0000000004
9,P00354,0000000005
10,P00831,0000000005
4,P00810,0000000005
5,P00573,0000000005
3,P00882,0000000006
7,P00762,0000000006
3,P00810,0000000006
9,P00815,0000000007
3,P00823,0000000007
9,P00153,0000000007
9,P00174,0000000007
5,P00750,0000000008
1,P00131,0000000009
6,P00633,0000000009
3,P00608,0000000009
2,P00139,0000000010
8,P00820,0000000011
3,P00829,0000000011
1,P00797,0000000011
7,P00448,0000000011
1,P00418,0000000011
8,P00403,0000000012
9,P00635,0000000012
7,P00903,0000000012
2,P00425,0000000013
6,P00937,0000000014
4,P00757,0000000014
9,P00228,0000000014
10,P00361,0000000014
10,P00199,0000000015
6,P00051,0000000015
10,P00520,0000000015
10,P00764,0000000015
9,P00027,0000000016
5,P00640,0000000016
1,P00652,0000000016
3,P00587,0000000017
6,P00926,0000000017
9,P00543,0000000017
5,P00457,0000000017
10,P00301,0000000018
2,P00535,0000000018
7,P00055,0000000018
4,P00786,0000000018
5,P00102,0000000018
1,P00394,0000000019
1,P00718,0000000020
7,P00795,0000000021
4,P00034,0000000021
1,P00117,0000000021
6,P00509,0000000022
5,P00738,0000000022
7,P00610,0000000022
4,P00258,0000000023
4,P00387,0000000023
5,P00591,0000000023
8,P00058,0000000023
4,P00227,0000000024
4,P00214,0000000024
1,P00902,0000000024
3,P00536,0000000025
4,P00165,0000000025
6,P00281,0000000025
10,P00820,0000000026
9,P00633,0000000026
7,P00028,0000000026
6,P00404,0000000026
10,P00884,0000000026
7,P00643,0000000027
6,P00766,0000000027
1,P00626,0000000027
2,P00024,0000000027
4,P00355,0000000028
7,P00016,0000000028
1,P00387,0000000029
7,P00183,0000000030
6,P00905,0000000030
9,P00327,0000000030
8,P00143,0000000030
9,P00691,0000000031
7,P00279,0000000031
9,P00081,0000000031
2,P00867,0000000031
4,P00165,0000000032
6,P00219,0000000032
6,P00496,0000000032
3,P00678,0000000032
6,P00452,0000000032
7,P00690,0000000033
7,P00202,0000000033
1,P00122,0000000033
4,P00271,0000000033
5,P00218,0000000034
10,P00151,0000000034
5,P00712,0000000034
7,P00105,0000000035
1,P00237,0000000035
1,P00915,0000000036
9,P00864,0000000036
3,P00737,0000000037
2,P00681,0000000037
2,P00605,0000000037
8,P00282,0000000037
9,P00470,0000000037
2,P00541,0000000038
10,P00448,0000000038
9,P00260,0000000039
7,P00739,0000000040
7,P00526,0000000041
4,P00482,0000000041
8,P00174,0000000041
5,P00695,0000000041
7,P00734,0000000041
1,P00232,0000000042
6,P00900,0000000042
8,P00681,0000000042
8,P00162,0000000043
2,P00354,0000000043
3,P00608,0000000044
7,P00742,0000000044
9,P00203,0000000044
7,P00508,0000000045
1,P00976,0000000046
8,P00973,0000000046
4,P00102,0000000046
10,P00806,0000000047
6,P00980,0000000047
2,P00582,0000000047
5,P00448,0000000047
6,P00903,0000000047
3,P00887,0000000048
1,P00057,0000000048
7,P00242,0000000048
8,P00993,0000000048
4,P00250,0000000048
2,P00562,0000000049
10,P00768,0000000049
6,P00922,0000000049
3,P00797,0000000049
2,P00853,0000000049
9,P00169,0000000050
2,P00604,0000000050
9,P00472,0000000050
9,P00302,0000000051
2,P00610,0000000051
7,P00484,0000000051
2,P00528,0000000052
3,P00653,0000000052
10,P00754,0000000052
4,P00642,0000000052
10,P00970,0000000052
2,P00998,0000000053
7,P00010,0000000054
9,P00768,0000000054
10,P00417,0000000054
10,P00663,0000000054
5,P00271,0000000054
5,P00290,0000000055
9,P00424,0000000055
5,P00007,0000000055
6,P00679,0000000055
5,P00601,0000000055
6,P00778,0000000056
5,P00786,0000000056
10,P00042,0000000056
4,P00956,0000000057
1,P00873,0000000057
6,P00898,0000000058
10,P00453,0000000059
10,P00915,0000000059
2,P00410,0000000059
6,P00199,0000000060
7,P00529,0000000060
10,P00508,0000000061
7,P00298,0000000061
10,P00694,0000000062
10,P00538,0000000062
1,P00666,0000000063
9,P00819,0000000063
2,P00625,0000000063
3,P00388,0000000064
1,P00354,0000000065
5,P00923,0000000066
2,P00302,0000000066
5,P00966,0000000066
2,P00132,0000000066
9,P00251,0000000066
3,P00021,0000000067
4,P00172,0000000068
5,P00785,0000000068
6,P00255,0000000068
7,P00161,0000000068
8,P00114,0000000069
3,P00959,0000000069
5,P00569,0000000069
3,P00997,0000000069
8,P00323,0000000069
6,P00071,0000000070
4,P00909,0000000071
7,P00376,0000000071
3,P00440,0000000071
8,P00471,0000000072
4,P00360,0000000073
1,P00580,0000000073
10,P00248,0000000073
5,P00367,0000000073
2,P00929,0000000074
1,P00489,0000000074
2,P00933,0000000075
5,P00264,0000000075
5,P00030,0000000075
4,P00460,0000000075
4,P00349,0000000076
1,P00062,0000000076
4,P00586,0000000076
5,P00348,0000000076
5,P00208,0000000077
4,P00144,0000000077
4,P00339,0000000078
6,P00734,0000000078
5,P00903,0000000079
10,P00660,0000000079
10,P00070,0000000079
1,P00009,0000000079
6,P00605,0000000079
10,P00368,0000000080
5,P00192,0000000080
8,P00934,0000000080
7,P00593,0000000080
5,P00673,0000000081
3,P00592,0000000082
7,P00619,0000000082
3,P00307,0000000082
8,P00040,0000000082
9,P00912,0000000083
6,P00527,0000000083
9,P00318,0000000083
7,P00935,0000000083
8,P00035,0000000083
7,P00853,0000000084
5,P00035,0000000084
2,P00414,0000000084
5,P00912,0000000084
8,P00364,0000000085
3,P00961,0000000085
2,P00287,0000000086
8,P00303,0000000087
8,P00769,0000000088
1,P00535,0000000088
6,P00963,0000000088
8,P00706,0000000088
1,P00421,0000000088
3,P00508,0000000089
2,P00513,0000000090
8,P00015,0000000090
3,P00603,0000000090
1,P00476,0000000090
9,P00382,0000000090
3,P00131,0000000091
2,P00198,0000000091
4,P00410,0000000091
9,P00853,0000000092
9,P00493,0000000092
9,P00762,0000000093
3,P00792,0000000093
9,P00753,0000000093
9,P00632,0000000093
1,P00115,0000000094
3,P00445,0000000094
6,P00657,0000000094
9,P00908,0000000094
10,P00896,0000000095
7,P00594,0000000095
4,P00738,0000000095
2,P00272,0000000095
8,P00582,0000000096
2,P00038,0000000096
1,P00318,0000000096
3,P00538,0000000096
4,P00634,0000000096
10,P00166,0000000097
1,P00605,0000000097
8,P00947,0000000097
6,P00482,0000000097
4,P00786,0000000098
10,P00946,0000000098
6,P00751,0000000098
1,P00109,0000000098
1,P00274,0000000098
3,P00742,0000000099
8,P00790,0000000099
2,P00409,0000000099
1,P00632,0000000099
2,P00620,0000000099
3,P00023,0000000100
6,P00178,0000000100
6,P00558,0000000100
10,P00296,0000000101
3,P00990,0000000101
3,P00898,0000000101
10,P00207,0000000101
8,P00340,0000000102
3,P00137,0000000102
3,P00605,0000000102
5,P00759,0000000102
6,P00322,0000000103
9,P00985,0000000104
10,P00688,0000000104
7,P00723,0000000104
5,P00085,0000000104
9,P00859,0000000104
2,P00776,0000000105
9,P00279,0000000105
7,P00718,0000000105
6,P00940,0000000106
6,P00124,0000000107
2,P00865,0000000107
7,P00528,0000000107
9,P00587,0000000107
6,P00840,0000000107
10,P00296,0000000108
5,P00634,0000000108
2,P00231,0000000108
5,P00246,0000000108
1,P00964,0000000109
8,P00097,0000000109
8,P00113,0000000109
7,P00082,0000000109
9,P00326,0000000109
4,P00144,0000000110
5,P00313,0000000111
8,P00914,0000000111
7,P00956,0000000112
3,P00673,0000000113
6,P00638,0000000113
5,P00479,0000000113
1,P00084,0000000113
9,P00370,0000000114
2,P00814,0000000114
2,P00233,0000000114
8,P00242,0000000114
4,P00917,0000000115
6,P00896,0000000115
4,P00191,0000000115
4,P00712,0000000115
5,P00117,0000000115
7,P00084,0000000116
6,P00329,0000000116
10,P00774,0000000116
1,P00116,0000000117
6,P00251,0000000117
3,P00129,0000000118
3,P00494,0000000118
3,P00453,0000000118
10,P00499,0000000119
5,P00639,0000000120
2,P00429,0000000120
5,P00033,0000000120
7,P00889,0000000120
5,P00464,0000000121
6,P00978,0000000121
6,P00674,0000000121
4,P00850,0000000122
9,P00455,0000000122
4,P00071,0000000122
5,P00109,0000000122
6,P00422,0000000123
7,P00657,0000000123
9,P00376,0000000124
10,P00313,0000000125
8,P00644,0000000126
2,P00089,0000000126
3,P00471,0000000126
7,P00601,0000000126
5,P00020,0000000126
1,P00958,0000000127
7,P00871,0000000128
2,P00852,0000000128
5,P00384,0000000128
9,P00107,0000000128
2,P00771,0000000128
6,P00212,0000000129
2,P00556,0000000129
2,P00277,0000000130
4,P00803,0000000130
5,P00443,0000000130
5,P00197,0000000131
4,P00323,0000000132
2,P00128,0000000132
2,P00587,0000000132
2,P00279,0000000132
5,P00900,0000000132
8,P00815,0000000133
9,P00030,0000000133
2,P00598,0000000133
1,P00227,0000000133
1,P00423,0000000133
3,P00551,0000000134
9,P00792,0000000134
9,P00228,0000000135
3,P00969,0000000135
7,P00049,0000000135
2,P00445,0000000135
1,P00771,0000000135
9,P00106,0000000136
9,P00672,0000000136
4,P00622,0000000136
9,P00080,0000000136
7,P00933,0000000136
7,P00092,0000000137
8,P00984,0000000137
3,P00051,0000000137
1,P00249,0000000137
10,P00006,0000000137
1,P00232,0000000138
6,P00300,0000000138
1,P00838,0000000139
6,P00262,0000000139
6,P00352,0000000139
9,P00743,0000000139
9,P00084,0000000140
4,P00677,0000000140
7,P00164,0000000140
3,P00902,0000000140
9,P00100,0000000140
9,P00840,0000000141
1,P00306,0000000142
3,P00556,0000000143
1,P00661,0000000144
5,P00746,0000000144
2,P00676,0000000144
4,P00556,0000000144
10,P00870,0000000145
2,P00502,0000000145
1,P00761,0000000146
6,P00828,0000000146
9,P00773,0000000146
10,P00556,0000000146
3,P00023,0000000147
1,P00116,0000000148
6,P00360,0000000148
1,P00282,0000000148
5,P00100,0000000149
7,P00593,0000000149
9,P00830,0000000150
6,P00749,0000000150
10,P00739,0000000150
9,P00048,0000000151
1,P00583,0000000151
4,P00380,0000000151
2,P00775,0000000151
5,P00131,0000000152
3,P00042,0000000152
7,P00102,0000000152
3,P00559,0000000152
5,P00330,0000000152
4,P00326,0000000153
1,P00116,0000000153
6,P00720,0000000153
1,P00129,0000000153
1,P00514,0000000153
7,P00546,0000000154
1,P00847,0000000155
10,P00277,0000000156
3,P00925,0000000156
10,P00689,0000000156
4,P00367,0000000156
8,P00419,0000000156
3,P00504,0000000157
2,P00216,0000000157
6,P00671,0000000157
9,P00044,0000000158
10,P00406,0000000158
6,P00567,0000000158
4,P00392,0000000158
9,P00036,0000000159
8,P00017,0000000160
7,P00742,0000000160
5,P00045,0000000160
5,P00803,0000000160
1,P00774,0000000160
10,P00930,0000000161
7,P00207,0000000161
6,P00626,0000000161
7,P00922,0000000161
4,P00676,0000000161
2,P00171,0000000162
10,P00697,0000000162
10,P00770,0000000163
5,P00212,0000000163
2,P00857,0000000163
3,P00487,0000000164
3,P00887,0000000164
4,P00909,0000000165
8,P00879,0000000165
10,P00839,0000000165
6,P00204,0000000165
7,P00476,0000000166
4,P00260,0000000166
8,P00203,0000000166
2,P00961,0000000166
5,P00590,0000000166
5,P00832,0000000167
3,P00468,0000000167
2,P00922,0000000167
9,P00547,0000000167
8,P00387,0000000167
1,P00750,0000000168
2,P00289,0000000168
9,P00335,0000000169
6,P00876,0000000169
7,P00920,0000000169
5,P00334,0000000170
2,P00239,0000000170
5,P00623,0000000171
8,P00478,0000000171
6,P00003,0000000171
6,P00855,0000000171
1,P00273,0000000172
5,P00613,0000000172
10,P00891,0000000172
9,P00399,0000000172
2,P00872,0000000172
6,P00599,0000000173
2,P00245,0000000174
2,P00705,0000000174
6,P00488,0000000175
3,P00524,0000000175
5,P00370,0000000175
6,P00295,0000000175
9,P00992,0000000175
5,P00074,0000000176
9,P00107,0000000176
6,P00298,0000000176
7,P00603,0000000177
6,P00619,0000000177
3,P00043,0000000178
4,P00339,0000000178
10,P00653,0000000178
3,P00408,0000000178
4,P00041,0000000178
1,P00748,0000000179
4,P00411,0000000179
1,P00876,0000000180
1,P00480,0000000181
7,P00610,0000000181
7,P00523,0000000182
8,P00333,0000000182
9,P00660,0000000182
3,P00335,0000000183
3,P00883,0000000183
1,P00766,0000000183
7,P00569,0000000183
9,P00045,0000000183
1,P00680,0000000184
4,P00216,0000000184
5,P00195,0000000184
4,P00165,0000000184
4,P00866,0000000185
9,P00767,0000000185
1,P00744,0000000185
4,P00873,0000000185
4,P00932,0000000186
7,P00487,0000000186
5,P00736,0000000186
4,P00116,0000000186
1,P00788,0000000186
7,P00364,0000000187
8,P00301,0000000187
2,P00714,0000000187
10,P00053,0000000187
5,P00563,0000000187
10,P00385,0000000188
3,P00160,0000000189
8,P00294,0000000190
10,P00984,0000000190
6,P00904,0000000190
8,P00591,0000000191
9,P00608,0000000191
6,P00629,0000000191
4,P00738,0000000192
4,P00760,0000000192
4,P00655,0000000192
2,P00985,0000000192
3,P00573,0000000193
9,P00156,0000000193
4,P00872,0000000193
5,P00832,0000000193
1,P00944,0000000193
4,P00957,0000000194
8,P00346,0000000194
9,P00975,0000000194
7,P00834,0000000194
1,P00765,0000000195
10,P00848,0000000195
3,P00094,0000000195
8,P00056,0000000195
10,P00552,0000000195
10,P00484,0000000196
9,P00179,0000000196
9,P00914,0000000196
3,P00986,0000000197
3,P00677,0000000197
10,P00698,0000000197
3,P00389,0000000197
8,P00507,0000000198
4,P00650,0000000198
5,P00923,0000000198
4,P00145,0000000198
6,P00381,0000000199
4,P00751,0000000199
6,P00247,0000000199
10,P00580,0000000199
6,P00537,0000000199
4,P00701,0000000200
3,P00963,0000000200
6,P00185,0000000200
8,P00970,0000000200
8,P00276,0000000201
2,P00577,0000000202
8,P00924,0000000202
2,P00740,0000000202
5,P00069,0000000203
5,P00847,0000000203
1,P00937,0000000203
8,P00764,0000000203
2,P00037,0000000203
3,P00931,0000000204
3,P00297,0000000205
7,P00940,0000000205
3,P00946,0000000205
10,P00687,0000000205
9,P00573,0000000206
8,P00069,0000000206
7,P00943,0000000206
5,P00892,0000000207
9,P00733,0000000208
5,P00833,0000000208
9,P00678,0000000208
5,P00550,0000000208
3,P00137,0000000209
10,P00958,0000000209
10,P00349,0000000209
7,P00981,0000000209
9,P00570,0000000210
5,P00790,0000000210
1,P00193,0000000210
5,P00716,0000000211
4,P00300,0000000211
6,P00309,0000000212
2,P00280,0000000212
2,P00369,0000000213
9,P00393,0000000214
4,P00227,0000000214
7,P00895,0000000214
6,P00600,0000000215
4,P00302,0000000216
1,P00999,0000000216
9,P00028,0000000217
8,P00890,0000000217
7,P00965,0000000217
8,P00622,0000000218
2,P00242,0000000218
4,P00886,0000000218
6,P00750,0000000219
4,P00683,0000000219
4,P00745,0000000219
8,P00521,0000000219
7,P00119,0000000220
4,P00477,0000000220
1,P00525,0000000221
9,P00924,0000000221
8,P00831,0000000222
3,P00176,0000000222
8,P00837,0000000222
1,P00602,0000000222
3,P00804,0000000223
1,P00791,0000000223
8,P00007,0000000223
3,P00735,0000000223
1,P00491,0000000224
1,P00097,0000000224
8,P00146,0000000224
9,P00632,0000000224
6,P00708,0000000224
2,P00793,0000000225
10,P00089,0000000225
4,P00770,0000000225
1,P00619,0000000226
9,P00588,0000000227
7,P00890,0000000227
2,P00272,0000000227
3,P00670,0000000227
1,P00686,0000000227
10,P00246,0000000228
5,P00886,0000000229
4,P00595,0000000229
6,P00019,0000000230
2,P00413,0000000230
4,P00195,0000000230
8,P00726,0000000230
1,P00526,0000000231
5,P00940,0000000231
6,P00805,0000000231
4,P00053,0000000231
2,P00702,0000000232
2,P00933,0000000232
7,P00518,0000000233
1,P00282,0000000233
5,P00406,0000000233
7,P00614,0000000234
2,P00956,0000000234
5,P00002,0000000234
1,P00743,0000000234
10,P00035,0000000235
5,P00655,0000000236
5,P00446,0000000237
9,P00088,0000000237
2,P00918,0000000238
7,P00981,0000000238
1,P00723,0000000239
4,P00676,0000000240
6,P00451,0000000240
4,P00904,0000000240
10,P00356,0000000241
5,P00387,0000000241
3,P00819,0000000241
5,P00246,0000000241
7,P00802,0000000242
6,P00727,0000000242
6,P00959,0000000242
6,P00714,0000000243
4,P00008,0000000243
2,P00814,0000000243
6,P00409,0000000243
8,P00976,0000000243
10,P00401,0000000244
2,P00728,0000000245
5,P00394,0000000245
6,P00432,0000000246
1,P00555,0000000246
8,P00018,0000000246
10,P00969,0000000247
1,P00113,0000000248
4,P00157,0000000248
3,P00151,0000000248
5,P00234,0000000248
10,P00399,0000000248
10,P00395,0000000249
10,P00280,0000000249
6,P00985,0000000249
5,P00498,0000000250
4,P00577,0000000250
3,P00130,0000000250
10,P00460,0000000251
8,P00734,0000000251
10,P00155,0000000251
3,P00107,0000000251
6,P00441,0000000252
10,P00678,0000000252
6,P00592,0000000252
9,P00642,0000000252
4,P00576,0000000253
9,P00300,0000000253
6,P00924,0000000253
10,P00311,0000000253
8,P00601,0000000254
9,P00901,0000000254
1,P00595,0000000254
8,P00957,0000000254
8,P00264,0000000255
7,P00081,0000000255
8,P00837,0000000256
1,P00709,0000000256
10,P00582,0000000256
4,P00099,0000000256
4,P00935,0000000256
3,P00639,0000000257
4,P00404,0000000257
6,P00699,0000000258
3,P00581,0000000259
10,P00015,0000000260
9,P00473,0000000260
5,P00057,0000000260
10,P00226,0000000260
8,P00929,0000000260
2,P00216,0000000261
3,P00115,0000000261
1,P00902,0000000261
4,P00037,0000000261
9,P00618,0000000261
10,P00100,0000000262
9,P00916,0000000262
3,P00278,0000000263
6,P00265,0000000263
3,P00387,0000000264
9,P00856,0000000264
8,P00702,0000000264
6,P00295,0000000265
8,P00769,0000000265
3,P00897,0000000265
6,P00986,0000000265
2,P00482,0000000265
3,P00236,0000000266
1,P00405,0000000266
7,P00148,0000000266
3,P00816,0000000266
9,P00062,0000000266
5,P00078,0000000267
2,P00448,0000000267
7,P00256,0000000267
9,P00304,0000000267
1,P00469,0000000267
6,P00089,0000000268
3,P00780,0000000268
6,P00046,0000000269
1,P00340,0000000269
7,P00265,0000000270
5,P00299,0000000270
8,P00356,0000000270
1,P00801,0000000270
4,P00531,0000000270
5,P00914,0000000271
7,P00390,0000000271
7,P00299,0000000271
10,P00532,0000000271
6,P00579,0000000271
2,P00656,0000000272
3,P00753,0000000272
1,P00467,0000000272
7,P00489,0000000273
7,P00074,0000000273
3,P00100,0000000273
9,P00807,0000000273
7,P00242,0000000273
10,P00300,0000000274
5,P00783,0000000274
8,P00424,0000000275
4,P00046,0000000276
3,P00571,0000000276
7,P00863,0000000276
8,P00076,0000000277
10,P00942,0000000277
6,P00275,0000000277
6,P00145,0000000278
7,P00314,0000000278
7,P00822,0000000278
4,P00057,0000000278
2,P00176,0000000278
4,P00759,0000000279
6,P00110,0000000280
4,P00917,0000000280
3,P00862,0000000281
3,P00626,0000000282
2,P00168,0000000282
4,P00192,0000000282
2,P00154,0000000282
8,P00596,0000000283
8,P00160,0000000283
10,P00350,0000000283
1,P00713,0000000283
2,P00990,0000000284
5,P00087,0000000284
9,P00926,0000000284
5,P00252,0000000284
8,P00873,0000000285
3,P00947,0000000285
2,P00764,0000000285
7,P00814,0000000285
10,P00874,0000000285
1,P00419,0000000286
10,P00923,0000000287
7,P00657,0000000287
10,P00072,0000000287
3,P00556,0000000288
6,P00450,0000000288
9,P00173,0000000289
10,P00854,0000000290
8,P00890,0000000291
8,P00449,0000000292
7,P00337,0000000292
3,P00317,0000000293
6,P00397,0000000293
7,P00549,0000000293
9,P00571,0000000293
9,P00052,0000000293
2,P00024,0000000294
4,P00091,0000000294
5,P00443,0000000295
5,P00938,0000000296
9,P00930,0000000297
3,P00075,0000000297
4,P00371,0000000297
4,P00273,0000000297
4,P00066,0000000298
4,P00650,0000000298
8,P00149,0000000299
7,P00686,0000000300
6,P00288,0000000300
2,P00032,0000000300
3,P00160,0000000300
6,P00949,0000000300
4,P00670,0000000301
8,P00831,0000000301
6,P00692,0000000301
8,P00393,0000000301
9,P00996,0000000302
4,P00359,0000000303
5,P00288,0000000303
2,P00051,0000000303
1,P00764,0000000303
10,P00670,0000000304
6,P00191,0000000305
3,P00400,0000000305
5,P00806,0000000305
2,P00925,0000000305
3,P00228,0000000305
2,P00365,0000000306
7,P00260,0000000306
7,P00301,0000000306
2,P00718,0000000307
5,P00729,0000000308
3,P00232,0000000308
7,P00643,0000000308
4,P00369,0000000309
7,P00743,0000000309
2,P00292,0000000309
6,P00052,0000000309
3,P00695,0000000310
3,P00264,0000000310
7,P00336,0000000310
6,P00772,0000000310
4,P00597,0000000310
3,P00398,0000000311
5,P00707,0000000311
7,P00323,0000000312
4,P00930,0000000312
5,P00301,0000000312
5,P00187,0000000312
10,P00098,0000000312
7,P00368,0000000313
1,P00085,0000000313
10,P00573,0000000313
8,P00015,0000000313
1,P00433,0000000313
4,P00950,0000000314
5,P00269,0000000314
2,P00692,0000000314
7,P00102,0000000315
10,P00187,0000000315
5,P00297,0000000315
4,P00900,0000000315
7,P00457,0000000315
10,P00956,0000000316
5,P00722,0000000316
1,P00733,0000000316
8,P00645,0000000316
1,P00075,0000000317
6,P00563,0000000317
3,P00830,0000000317
1,P00753,0000000318
9,P00398,0000000318
9,P00654,0000000319
9,P00340,0000000319
10,P00072,0000000319
5,P00117,0000000319
1,P00972,0000000319
7,P00919,0000000320
7,P00988,0000000320
5,P00032,0000000320
10,P00373,0000000320
2,P00875,0000000321
6,P00948,0000000321
5,P00876,0000000321
2,P00170,0000000322
2,P00996,0000000322
3,P00175,0000000322
9,P00238,0000000322
5,P00187,0000000322
2,P00296,0000000323
8,P00291,0000000323
8,P00223,0000000323
3,P00285,0000000323
10,P00477,0000000324
10,P00597,0000000324
1,P00860,0000000325
10,P00122,0000000325
10,P00645,0000000325
6,P00867,0000000326
8,P00639,0000000327
10,P00453,0000000327
9,P00187,0000000327
3,P00229,0000000328
3,P00319,0000000328
10,P00751,0000000329
4,P00091,0000000330
10,P00058,0000000330
7,P00340,0000000330
2,P00267,0000000330
9,P00817,0000000330
1,P00606,0000000331
6,P00412,0000000331
6,P00208,0000000331
1,P00683,0000000331
1,P00386,0000000332
4,P00026,0000000332
8,P00147,0000000332
6,P00712,0000000332
2,P00719,0000000333
3,P00722,0000000333
5,P00601,0000000334
3,P00113,0000000334
9,P00910,0000000334
9,P00798,0000000334
8,P00544,0000000335
6,P00415,0000000335
5,P00557,0000000335
10,P00213,0000000335
6,P00167,0000000336
6,P00076,0000000336
9,P00501,0000000336
4,P00108,0000000336
2,P00030,0000000337
5,P00863,0000000338
1,P00957,0000000338
6,P00357,0000000339
5,P00669,0000000339
3,P00412,0000000340
2,P00531,0000000340
8,P00097,0000000340
10,P00211,0000000341
4,P00491,0000000341
2,P00518,0000000341
7,P00651,0000000341
9,P00770,0000000342
6,P00286,0000000343
8,P00115,0000000343
5,P00607,0000000344
2,P00636,0000000344
10,P00867,0000000345
4,P00375,0000000345
4,P00419,0000000345
6,P00824,0000000345
3,P00842,0000000346
8,P00167,0000000347
9,P00338,0000000348
8,P00855,0000000348
1,P00758,0000000348
8,P00978,0000000348
9,P00769,0000000349
8,P00317,0000000349
9,P00944,0000000349
6,P00327,0000000350
10,P00148,0000000350
5,P00223,0000000351
10,P00664,0000000351
4,P00726,0000000352
6,P00496,0000000352
4,P00615,0000000352
9,P00559,0000000353
3,P00436,0000000353
3,P00034,0000000353
3,P00930,0000000353
4,P00393,0000000353
3,P00941,0000000354
8,P00465,0000000354
6,P00657,0000000354
8,P00767,0000000354
8,P00475,0000000354
10,P00204,0000000355
4,P00902,0000000355
3,P00265,0000000355
10,P00282,0000000355
1,P00544,0000000356
8,P00559,0000000356
8,P00167,0000000356
4,P00887,0000000356
4,P00135,0000000356
2,P00672,0000000357
6,P00211,0000000357
3,P00243,0000000358
4,P00780,0000000358
3,P00909,0000000358
8,P00595,0000000358
3,P00870,0000000358
3,P00833,0000000359
3,P00688,0000000359
9,P00794,0000000359
3,P00267,0000000359
7,P00259,0000000359
6,P00703,0000000360
6,P00534,0000000360
4,P00732,0000000360
7,P00917,0000000360
9,P00310,0000000360
9,P00446,0000000361
5,P00963,0000000361
8,P00848,0000000362
3,P00453,0000000362
8,P00157,0000000362
3,P00326,0000000362
9,P00719,0000000362
4,P00449,0000000363
2,P00808,0000000363
3,P00714,0000000363
5,P00444,0000000363
5,P00124,0000000364
10,P00655,0000000365
8,P00269,0000000365
6,P00871,0000000365
5,P00009,0000000365
8,P00783,0000000365
3,P00546,0000000366
8,P00429,0000000366
9,P00416,0000000366
3,P00196,0000000366
7,P00940,0000000367
5,P00232,0000000367
9,P00569,0000000368
5,P00986,0000000369
6,P00242,0000000369
1,P00436,0000000369
4,P00490,0000000369
6,P00061,0000000369
1,P00987,0000000370
10,P00826,0000000370
6,P00151,0000000370
4,P00884,0000000370
8,P00128,0000000371
8,P00658,0000000371
9,P00273,0000000371
10,P00898,0000000372
7,P00083,0000000372
9,P00325,0000000372
2,P00241,0000000373
8,P00020,0000000373
6,P00617,0000000373
3,P00034,0000000373
8,P00354,0000000374
1,P00870,0000000374
2,P00915,0000000374
8,P00956,0000000374
1,P00702,0000000375
6,P00599,0000000375
8,P00609,0000000376
8,P00238,0000000376
2,P00693,0000000376
6,P00251,0000000376
3,P00465,0000000376
5,P00893,0000000377
6,P00987,0000000377
9,P00276,0000000378
3,P00827,0000000378
7,P00945,0000000378
4,P00423,0000000378
9,P00689,0000000378
1,P00253,0000000379
3,P00536,0000000379
3,P00178,0000000379
2,P00727,0000000379
1,P00808,0000000379
1,P00214,0000000380
5,P00844,0000000380
1,P00660,0000000381
9,P00411,0000000381
6,P00604,0000000382
6,P00681,0000000383
2,P00990,0000000384
2,P00377,0000000384
6,P00452,0000000385
8,P00951,0000000385
3,P00385,0000000385
2,P00796,0000000386
2,P00849,0000000386
8,P00865,0000000386
2,P00387,0000000386
3,P00988,0000000387
3,P00306,0000000387
8,P00577,0000000387
2,P00786,0000000387
3,P00529,0000000387
4,P00175,0000000388
2,P00393,0000000388
6,P00225,0000000388
9,P00550,0000000388
1,P00998,0000000388
7,P00186,0000000389
7,P00780,0000000389
3,P00843,0000000390
2,P00820,0000000390
7,P00453,0000000390
3,P00098,0000000390
2,P00552,0000000390
1,P00431,0000000391
8,P00251,0000000391
1,P00105,0000000391
7,P00180,0000000391
1,P00798,0000000392
7,P00152,0000000392
3,P00485,0000000393
8,P00817,0000000394
8,P00699,0000000394
3,P00125,0000000395
1,P00867,0000000395
10,P00259,0000000396
2,P00414,0000000396
5,P00381,0000000397
5,P00957,0000000398
2,P00742,0000000398
2,P00688,0000000398
2,P00885,0000000398
8,P00848,0000000398
8,P00606,0000000399
6,P00955,0000000399
5,P00776,0000000399
4,P00529,0000000399
1,P00402,0000000400
4,P00777,0000000400
10,P00832,0000000400
4,P00813,0000000400
5,P00541,0000000401
6,P00104,0000000401
3,P00948,0000000401
7,P00127,0000000401
5,P00217,0000000402
8,P00604,0000000402
9,P00866,0000000403
4,P00571,0000000403
2,P00041,0000000404
5,P00771,0000000404
5,P00988,0000000404
7,P00532,0000000404
5,P00831,0000000404
2,P00958,0000000405
6,P00624,0000000405
6,P00801,0000000405
5,P00907,0000000405
3,P00175,0000000406
10,P00813,0000000406
6,P00998,0000000406
8,P00315,0000000406
10,P00123,0000000407
3,P00153,0000000407
8,P00197,0000000408
10,P00489,0000000409
6,P00502,0000000409
2,P00908,0000000409
4,P00871,0000000409
1,P00571,0000000409
4,P00033,0000000410
1,P00705,0000000410
4,P00463,0000000410
8,P00707,0000000410
10,P00832,0000000411
5,P00844,0000000411
4,P00937,0000000412
6,P00846,0000000412
9,P00252,0000000412
1,P00593,0000000412
10,P00488,0000000413
3,P00240,0000000414
2,P00393,0000000414
6,P00991,0000000414
9,P00745,0000000415
3,P00369,0000000415
2,P00946,0000000415
6,P00128,0000000416
7,P00833,0000000416
3,P00953,0000000416
10,P00047,0000000416
1,P00251,0000000416
4,P00656,0000000417
3,P00950,0000000418
4,P00188,0000000418
4,P00688,0000000418
3,P00914,0000000418
1,P00222,0000000418
7,P00776,0000000419
7,P00243,0000000419
5,P00617,0000000419
2,P00146,0000000420
6,P00085,0000000420
6,P00148,0000000421
5,P00934,0000000421
4,P00817,0000000422
5,P00922,0000000422
1,P00795,0000000422
10,P00258,0000000422
3,P00384,0000000422
2,P00726,0000000423
3,P00026,0000000423
7,P00799,0000000424
6,P00142,0000000424
8,P00979,0000000424
10,P00761,0000000425
1,P00301,0000000425
9,P00401,0000000425
2,P00387,0000000425
2,P00845,0000000426
1,P00742,0000000426
1,P00169,0000000426
8,P00635,0000000427
7,P00731,0000000427
2,P00697,0000000427
7,P00444,0000000428
3,P00296,0000000428
1,P00758,0000000428
8,P00675,0000000429
5,P00456,0000000429
2,P00712,0000000429
6,P00469,0000000429
10,P00056,0000000429
9,P00305,0000000430
9,P00556,0000000430
5,P00683,0000000431
1,P00639,0000000431
6,P00791,0000000431
1,P00473,0000000432
9,P00708,0000000432
10,P00723,0000000432
2,P00178,0000000433
10,P00932,0000000434
4,P00420,0000000434
1,P00623,0000000434
8,P00905,0000000434
7,P00644,0000000434
2,P00939,0000000435
7,P00169,0000000435
4,P00380,0000000435
1,P00394,0000000435
10,P00602,0000000435
3,P00164,0000000436
10,P00480,0000000436
8,P00880,0000000436
1,P00051,0000000437
9,P00759,0000000437
9,P00011,0000000437
9,P00177,0000000437
1,P00881,0000000438
6,P00953,0000000439
3,P00346,0000000439
1,P00872,0000000440
10,P00127,0000000440
4,P00592,0000000440
8,P00854,0000000440
4,P00352,0000000441
10,P00250,0000000441
7,P00575,0000000442
2,P00594,0000000443
7,P00525,0000000443
1,P00220,0000000444
4,P00472,0000000444
9,P00585,0000000444
9,P00930,0000000444
4,P00335,0000000444
8,P00788,0000000445
10,P00029,0000000445
10,P00607,0000000445
2,P00018,0000000445
10,P00201,0000000446
1,P00961,0000000446
1,P00410,0000000446
1,P00428,0000000446
6,P00383,0000000446
5,P00733,0000000447
9,P00676,0000000447
4,P00890,0000000447
5,P00176,0000000448
6,P00967,0000000449
2,P00574,0000000450
6,P00606,0000000450
4,P00061,0000000450
1,P00949,0000000450
7,P00195,0000000451
2,P00241,0000000452
9,P00813,0000000452
9,P00282,0000000452
8,P00305,0000000452
2,P00074,0000000452
6,P00335,0000000453
9,P00414,0000000453
3,P00974,0000000453
1,P00733,0000000454
5,P00862,0000000454
1,P00238,0000000454
9,P00726,0000000454
4,P00227,0000000454
3,P00859,0000000455
10,P00137,0000000455
5,P00909,0000000455
7,P00613,0000000455
4,P00732,0000000456
2,P00481,0000000456
3,P00168,0000000457
7,P00767,0000000457
1,P00919,0000000457
3,P00333,0000000457
1,P00754,0000000458
10,P00396,0000000458
6,P00310,0000000458
10,P00242,0000000458
9,P00694,0000000458
9,P00490,0000000459
7,P00375,0000000459
10,P00066,0000000459
1,P00022,0000000460
1,P00243,0000000460
7,P00427,0000000461
10,P00004,0000000461
4,P00233,0000000461
2,P00494,0000000462
2,P00916,0000000462
9,P00365,0000000462
5,P00514,0000000462
2,P00309,0000000463
2,P00540,0000000463
5,P00940,0000000464
4,P00982,0000000464
2,P00010,0000000465
3,P00045,0000000465
1,P00685,0000000466
5,P00930,0000000467
7,P00619,0000000467
8,P00395,0000000467
10,P00042,0000000467
9,P00425,0000000467
2,P00322,0000000468
2,P00587,0000000468
4,P00059,0000000468
8,P00282,0000000468
5,P00225,0000000469
7,P00423,0000000469
6,P00164,0000000469
1,P00427,0000000469
2,P00800,0000000469
9,P00198,0000000470
3,P00516,0000000470
7,P00390,0000000470
3,P00241,0000000471
5,P00323,0000000471
10,P00283,0000000471
10,P00695,0000000471
10,P00990,0000000471
1,P00576,0000000472
7,P00234,0000000472
4,P00946,0000000472
5,P00329,0000000472
2,P00968,0000000473
4,P00414,0000000473
1,P00365,0000000473
10,P00625,0000000473
1,P00057,0000000473
2,P00751,0000000474
6,P00414,0000000474
5,P00787,0000000475
5,P00171,0000000475
8,P00774,0000000475
2,P00487,0000000475
6,P00535,0000000476
4,P00263,0000000477
7,P00418,0000000477
6,P00926,0000000477
1,P00678,0000000477
5,P00683,0000000477
10,P00987,0000000478
3,P00811,0000000478
10,P00581,0000000479
3,P00393,0000000479
2,P00774,0000000480
5,P00170,0000000480
3,P00286,0000000480
2,P00681,0000000481
1,P00709,0000000481
4,P00056,0000000481
4,P00470,0000000481
2,P00639,0000000481
8,P00148,0000000482
8,P00515,0000000482
8,P00131,0000000482
6,P00521,0000000482
9,P00321,0000000483
10,P00516,0000000483
4,P00017,0000000483
1,P00808,0000000483
8,P00150,0000000483
2,P00410,0000000484
2,P00409,0000000484
3,P00107,0000000484
10,P00929,0000000484
10,P00340,0000000485
10,P00365,0000000485
4,P00440,0000000485
1,P00590,0000000485
9,P00213,0000000486
9,P00782,0000000487
6,P00830,0000000487
7,P00044,0000000487
3,P00890,0000000487
10,P00870,0000000488
9,P00766,0000000488
6,P00306,0000000488
10,P00655,0000000489
8,P00503,0000000489
2,P00267,0000000489
6,P00606,0000000490
7,P00659,0000000490
7,P00814,0000000490
1,P00680,0000000490
5,P00422,0000000491
6,P00707,0000000491
9,P00939,0000000491
10,P00505,0000000491
4,P00043,0000000491
10,P00594,0000000492
1,P00792,0000000492
2,P00522,0000000492
9,P00376,0000000492
8,P00184,0000000493
3,P00462,0000000494
4,P00764,0000000494
2,P00342,0000000495
5,P00167,0000000496
4,P00621,0000000497
1,P00505,0000000498
7,P00039,0000000498
6,P00557,0000000498
1,P00419,0000000498
3,P00790,0000000498
4,P00879,0000000499
4,P00172,0000000499
1,P00115,0000000500
8,P00679,0000000500
5,P00526,0000000500
5,P00822,0000000500
5,P00618,0000000501
6,P00771,0000000501
6,P00545,0000000501
6,P00504,0000000501
8,P00901,0000000501
1,P00449,0000000502
3,P00159,0000000502
7,P00656,0000000503
10,P00938,0000000503
10,P00002,0000000503
7,P00784,0000000503
6,P00460,0000000504
5,P00899,0000000504
3,P00525,0000000504
7,P00235,0000000504
8,P00939,0000000504
10,P00210,0000000505
3,P00023,0000000505
6,P00133,0000000505
5,P00434,0000000505
4,P00906,0000000505
5,P00567,0000000506
9,P00383,0000000506
3,P00776,0000000506
8,P00054,0000000507
8,P00057,0000000507
7,P00057,0000000508
7,P00915,0000000508
3,P00757,0000000508
4,P00418,0000000508
4,P00001,0000000509
3,P00067,0000000509
7,P00906,0000000510
9,P00735,0000000511
3,P00667,0000000512
6,P00658,0000000512
5,P00645,0000000513
6,P00401,0000000513
2,P00762,0000000513
3,P00799,0000000514
1,P00444,0000000515
10,P00253,0000000515
2,P00139,0000000515
2,P00348,0000000515
4,P00183,0000000516
7,P00092,0000000516
2,P00632,0000000516
7,P00416,0000000516
8,P00334,0000000516
3,P00992,0000000517
4,P00217,0000000517
1,P00830,0000000517
7,P00727,0000000518
4,P00073,0000000518
3,P00688,0000000518
9,P00418,0000000518
7,P00700,0000000518
5,P00741,0000000519
5,P00661,0000000519
3,P00339,0000000519
7,P00598,0000000519
6,P00829,0000000519
4,P00571,0000000520
2,P00967,0000000520
1,P00634,0000000520
3,P00363,0000000520
7,P00183,0000000520
1,P00744,0000000521
2,P00028,0000000521
8,P00603,0000000522
7,P00741,0000000522
10,P00322,0000000522
3,P00112,0000000523
5,P00716,0000000523
4,P00959,0000000524
8,P00987,0000000524
8,P00965,0000000525
7,P00847,0000000525
6,P00288,0000000525
3,P00552,0000000526
5,P00394,0000000526
6,P00421,0000000526
10,P00743,0000000526
10,P00276,0000000527
1,P00062,0000000527
7,P00138,0000000527
9,P00914,0000000527
8,P00422,0000000528
5,P00201,0000000528
3,P00567,0000000528
10,P00920,0000000529
3,P00052,0000000530
10,P00443,0000000530
9,P00933,0000000530
8,P00389,0000000530
9,P00317,0000000531
8,P00116,0000000531
7,P00834,0000000531
3,P00813,0000000531
4,P00189,0000000532
5,P00263,0000000533
2,P00748,0000000534
5,P00346,0000000534
8,P00067,0000000534
5,P00978,0000000534
10,P00816,0000000535
7,P00215,0000000535
8,P00598,0000000535
5,P00846,0000000535
2,P00199,0000000535
3,P00647,0000000536
5,P00276,0000000536
3,P00617,0000000536
1,P00025,0000000537
2,P00280,0000000537
5,P00809,0000000537
3,P00852,0000000538
5,P00363,0000000539
4,P00277,0000000540
2,P00485,0000000540
2,P00322,0000000541
4,P00677,0000000541
3,P00723,0000000541
2,P00995,0000000541
2,P00124,0000000541
10,P00433,0000000542
6,P00065,0000000543
6,P00537,0000000544
3,P00281,0000000545
9,P00015,0000000545
8,P00847,0000000545
10,P00787,0000000545
8,P00294,0000000545
1,P00917,0000000546
8,P00630,0000000547
9,P00798,0000000548
2,P00577,0000000548
8,P00661,0000000549
7,P00750,0000000549
5,P00156,0000000549
3,P00118,0000000550
4,P00213,0000000550
1,P00534,0000000551
3,P00423,0000000551
4,P00549,0000000551
7,P00369,0000000551
4,P00098,0000000552
7,P00983,0000000552
1,P00275,0000000552
2,P00194,0000000552
7,P00817,0000000553
10,P00413,0000000554
9,P00085,0000000554
7,P00811,0000000554
6,P00295,0000000554
9,P00461,0000000555
3,P00507,0000000555
5,P00075,0000000555
5,P00726,0000000555
3,P00201,0000000556
4,P00016,0000000557
9,P00165,0000000557
10,P00535,0000000557
3,P00439,0000000558
3,P00404,0000000558
1,P00161,0000000558
7,P00607,0000000558
3,P00931,0000000558
5,P00348,0000000559
10,P00304,0000000559
6,P00234,0000000559
9,P00034,0000000559
4,P00993,0000000560
8,P00773,0000000560
3,P00999,0000000560
6,P00347,0000000560
3,P00676,0000000561
3,P00405,0000000561
10,P00626,0000000561
4,P00009,0000000561
9,P00867,0000000562
10,P00001,0000000562
7,P00684,0000000562
4,P00467,0000000562
1,P00834,0000000562
1,P00420,0000000563
8,P00293,0000000563
8,P00076,0000000564
8,P00862,0000000564
2,P00229,0000000564
2,P00335,0000000565
10,P00134,0000000565
4,P00136,0000000565
8,P00617,0000000565
6,P00567,0000000566
7,P00728,0000000567
2,P00914,0000000567
5,P00202,0000000567
7,P00899,0000000567
4,P00057,0000000567
10,P00160,0000000568
7,P00498,0000000568
5,P00177,0000000568
10,P00973,0000000568
1,P00775,0000000569
4,P00960,0000000569
7,P00413,0000000569
2,P00015,0000000570
1,P00973,0000000570
5,P00990,0000000571
5,P00228,0000000571
8,P00361,0000000572
3,P00636,0000000573
9,P00568,0000000574
6,P00990,0000000574
4,P00857,0000000574
5,P00793,0000000575
7,P00095,0000000575
8,P00651,0000000576
8,P00035,0000000576
3,P00736,0000000576
4,P00450,0000000576
2,P00539,0000000576
8,P00546,0000000577
3,P00154,0000000577
3,P00478,0000000577
5,P00376,0000000577
6,P00902,0000000577
9,P00930,0000000578
8,P00320,0000000578
2,P00997,0000000578
4,P00063,0000000578
10,P00501,0000000579
4,P00042,0000000579
5,P00856,0000000579
2,P00016,0000000579
3,P00282,0000000580
5,P00581,0000000580
7,P00281,0000000580
3,P00441,0000000580
8,P00311,0000000580
3,P00006,0000000581
7,P00687,0000000581
1,P00695,0000000581
4,P00634,0000000582
9,P00670,0000000582
6,P00583,0000000582
2,P00862,0000000583
8,P00482,0000000583
2,P00278,0000000583
5,P00802,0000000583
6,P00501,0000000584
7,P00302,0000000584
1,P00127,0000000585
6,P00698,0000000585
6,P00868,0000000586
9,P00481,0000000586
4,P00369,0000000586
6,P00163,0000000586
5,P00986,0000000587
2,P00571,0000000587
1,P00251,0000000587
10,P00512,0000000587
3,P00984,0000000587
2,P00773,0000000588
6,P00082,0000000588
3,P00255,0000000588
3,P00489,0000000589
1,P00460,0000000589
4,P00611,0000000589
2,P00116,0000000589
3,P00272,0000000590
8,P00107,0000000590
7,P00437,0000000591
6,P00688,0000000592
8,P00869,0000000592
1,P00943,0000000592
5,P00378,0000000593
5,P00902,0000000593
5,P00621,0000000593
9,P00950,0000000593
4,P00180,0000000594
3,P00085,0000000594
5,P00475,0000000595
6,P00328,0000000595
1,P00421,0000000595
4,P00917,0000000595
7,P00793,0000000595
4,P00710,0000000596
4,P00811,0000000596
10,P00856,0000000596
2,P00928,0000000596
6,P00629,0000000597
4,P00641,0000000597
5,P00589,0000000598
9,P00014,0000000599
7,P00550,0000000600
2,P00557,0000000600
10,P00860,0000000600
4,P00080,0000000601
5,P00427,0000000602
1,P00551,0000000603
1,P00361,0000000603
5,P00786,0000000604
8,P00746,0000000604
4,P00282,0000000605
8,P00559,0000000605
1,P00449,0000000606
10,P00199,0000000606
10,P00901,0000000606
8,P00246,0000000606
1,P00749,0000000607
9,P00690,0000000608
6,P00473,0000000608
4,P00445,0000000608
2,P00531,0000000608
5,P00776,0000000609
2,P00007,0000000610
2,P00611,0000000611
2,P00623,0000000612
1,P00273,0000000612
1,P00749,0000000612
6,P00286,0000000613
9,P00096,0000000613
6,P00536,0000000613
7,P00771,0000000614
9,P00890,0000000615
8,P00164,0000000615
5,P00994,0000000615
5,P00681,0000000616
8,P00523,0000000616
6,P00887,0000000616
9,P00152,0000000616
7,P00156,0000000617
4,P00035,0000000617
1,P00247,0000000617
6,P00886,0000000617
3,P00579,0000000617
1,P00994,0000000618
8,P00902,0000000619
1,P00800,0000000620
3,P00206,0000000620
7,P00517,0000000620
4,P00466,0000000621
3,P00621,0000000621
5,P00479,0000000622
7,P00093,0000000622
4,P00972,0000000622
1,P00535,0000000622
7,P00491,0000000622
9,P00977,0000000623
1,P00308,0000000623
6,P00734,0000000624
1,P00022,0000000624
2,P00056,0000000625
9,P00349,0000000625
2,P00273,0000000626
7,P00834,0000000626
8,P00387,0000000626
8,P00852,0000000626
5,P00654,0000000627
6,P00046,0000000627
6,P00278,0000000628
10,P00802,0000000628
5,P00102,0000000628
7,P00019,0000000628
6,P00770,0000000628
10,P00955,0000000629
3,P00714,0000000629
8,P00241,0000000629
4,P00392,0000000629
1,P00804,0000000629
1,P00202,0000000630
8,P00988,0000000630
2,P00324,0000000630
9,P00811,0000000630
7,P00056,0000000631
1,P00428,0000000632
7,P00695,0000000632
1,P00691,0000000632
9,P00871,0000000633
10,P00945,0000000633
3,P00284,0000000633
8,P00652,0000000633
2,P00338,0000000634
10,P00065,0000000635
4,P00834,0000000636
2,P00285,0000000636
4,P00533,0000000636
4,P00667,0000000636
3,P00257,0000000636
9,P00493,0000000637
10,P00378,0000000638
1,P00039,0000000639
1,P00383,0000000639
1,P00188,0000000640
4,P00665,0000000640
7,P00576,0000000640
3,P00345,0000000640
4,P00054,0000000641
5,P00313,0000000641
7,P00746,0000000642
9,P00647,0000000642
3,P00512,0000000642
4,P00336,0000000643
5,P00622,0000000643
4,P00857,0000000643
1,P00241,0000000643
4,P00498,0000000643
2,P00789,0000000644
3,P00343,0000000644
10,P00658,0000000644
8,P00019,0000000644
2,P00933,0000000645
4,P00304,0000000645
6,P00095,0000000645
4,P00394,0000000645
8,P00786,0000000646
8,P00582,0000000646
4,P00987,0000000646
5,P00408,0000000647
3,P00344,0000000647
2,P00613,0000000647
1,P00719,0000000648
5,P00092,0000000648
8,P00717,0000000648
8,P00483,0000000649
8,P00796,0000000649
8,P00401,0000000649
1,P00721,0000000649
8,P00750,0000000650
7,P00459,0000000650
2,P00259,0000000650
2,P00706,0000000650
7,P00341,0000000650
1,P00688,0000000651
10,P00242,0000000651
1,P00341,0000000651
7,P00834,0000000651
10,P00659,0000000652
3,P00974,0000000652
5,P00336,0000000653
9,P00393,0000000653
7,P00426,0000000653
2,P00132,0000000653
6,P00514,0000000654
9,P00515,0000000654
5,P00341,0000000654
2,P00838,0000000655
9,P00900,0000000655
8,P00992,0000000655
7,P00910,0000000655
8,P00264,0000000656
2,P00262,0000000656
2,P00757,0000000656
7,P00516,0000000656
10,P00192,0000000656
4,P00775,0000000657
2,P00754,0000000658
8,P00950,0000000658
9,P00946,0000000659
7,P00343,0000000659
8,P00004,0000000659
2,P00402,0000000659
5,P00211,0000000660
9,P00975,0000000660
8,P00307,0000000660
5,P00865,0000000661
7,P00699,0000000661
7,P00379,0000000661
9,P00291,0000000662
2,P00188,0000000663
3,P00497,0000000663
2,P00322,0000000663
5,P00072,0000000664
9,P00666,0000000664
5,P00444,0000000664
1,P00339,0000000664
6,P00964,0000000665
5,P00600,0000000665
1,P00899,0000000665
9,P00834,0000000665
7,P00955,0000000666
7,P00875,0000000666
1,P00254,0000000666
5,P00223,0000000666
10,P00865,0000000667
10,P00157,0000000667
4,P00518,0000000667
8,P00328,0000000668
8,P00480,0000000668
7,P00907,0000000668
6,P00999,0000000669
1,P00026,0000000669
10,P00063,0000000669
7,P00527,0000000669
6,P00077,0000000670
8,P00240,0000000670
6,P00447,0000000670
4,P00527,0000000670
3,P00214,0000000670
5,P00809,0000000671
1,P00318,0000000671
2,P00788,0000000671
10,P00404,0000000672
10,P00085,0000000673
4,P00160,0000000673
6,P00913,0000000673
1,P00641,0000000673
2,P00796,0000000674
7,P00375,0000000674
2,P00995,0000000674
1,P00884,0000000674
9,P00847,0000000674
10,P00048,0000000675
7,P00816,0000000676
2,P00525,0000000677
7,P00417,0000000677
2,P00178,0000000677
7,P00663,0000000677
9,P00940,0000000677
9,P00090,0000000678
10,P00733,0000000678
2,P00299,0000000679
8,P00194,0000000680
8,P00489,0000000681
10,P00976,0000000681
7,P00075,0000000681
1,P00310,0000000682
10,P00293,0000000682
2,P00990,0000000682
8,P00432,0000000682
1,P00501,0000000683
6,P00057,0000000684
6,P00718,0000000684
3,P00730,0000000684
2,P00209,0000000685
9,P00997,0000000685
9,P00711,0000000685
8,P00370,0000000685
2,P00918,0000000685
5,P00674,0000000686
8,P00896,0000000686
10,P00521,0000000686
10,P00530,0000000686
6,P00558,0000000686
1,P00173,0000000687
4,P00273,0000000687
2,P00742,0000000687
2,P00346,0000000688
2,P00050,0000000689
1,P00147,0000000690
9,P00911,0000000690
6,P00811,0000000690
5,P00686,0000000690
7,P00785,0000000691
7,P00398,0000000691
6,P00716,0000000691
7,P00688,0000000691
7,P00074,0000000691
8,P00615,0000000692
8,P00793,0000000692
2,P00794,0000000692
9,P00951,0000000693
9,P00009,0000000694
10,P00719,0000000694
10,P00600,0000000695
8,P00142,0000000695
8,P00714,0000000695
4,P00165,0000000696
5,P00252,0000000697
7,P00950,0000000698
2,P00180,0000000698
8,P00655,0000000698
2,P00286,0000000699
8,P00086,0000000699
10,P00699,0000000699
10,P00912,0000000699
8,P00533,0000000700
10,P00691,0000000701
8,P00520,0000000701
7,P00350,0000000702
7,P00572,0000000702
10,P00962,0000000703
6,P00562,0000000703
8,P00147,0000000703
8,P00803,0000000703
8,P00109,0000000703
7,P00556,0000000704
4,P00160,0000000704
9,P00906,0000000704
3,P00237,0000000704
8,P00830,0000000705
4,P00673,0000000705
2,P00808,0000000705
9,P00991,0000000706
2,P00899,0000000706
10,P00009,0000000707
10,P00146,0000000707
8,P00270,0000000707
7,P00736,0000000707
3,P00445,0000000708
6,P00754,0000000708
4,P00748,0000000708
8,P00767,0000000708
5,P00862,0000000708
5,P00592,0000000709
3,P00832,0000000709
1,P00179,0000000710
2,P00340,0000000711
6,P00865,0000000711
3,P00253,0000000711
10,P00888,0000000711
4,P00021,0000000711
4,P00141,0000000712
2,P00751,0000000712
3,P00490,0000000712
1,P00099,0000000712
7,P00485,0000000713
1,P00218,0000000714
3,P00757,0000000714
2,P00785,0000000714
2,P00217,0000000714
8,P00902,0000000715
7,P00658,0000000715
5,P00932,0000000716
5,P00706,0000000717
7,P00433,0000000717
3,P00913,0000000717
5,P00449,0000000718
3,P00843,0000000718
8,P00872,0000000719
2,P00806,0000000719
9,P00878,0000000719
6,P00361,0000000720
1,P00960,0000000720
4,P00402,0000000720
10,P00887,0000000720
10,P00247,0000000721
5,P00837,0000000721
6,P00156,0000000722
8,P00178,0000000722
6,P00531,0000000722
9,P00830,0000000723
8,P00390,0000000723
2,P00006,0000000723
10,P00554,0000000723
5,P00435,0000000724
10,P00183,0000000725
6,P00419,0000000725
10,P00496,0000000726
10,P00364,0000000726
4,P00671,0000000727
9,P00005,0000000727
10,P00758,0000000727
2,P00698,0000000727
4,P00114,0000000727
2,P00809,0000000728
8,P00732,0000000728
3,P00301,0000000729
4,P00691,0000000729
2,P00798,0000000730
3,P00391,0000000731
9,P00484,0000000731
1,P00285,0000000731
8,P00187,0000000731
5,P00075,0000000731
4,P00119,0000000732
7,P00479,0000000733
5,P00468,0000000733
5,P00593,0000000733
8,P00081,0000000733
4,P00583,0000000733
4,P00231,0000000734
7,P00734,0000000734
7,P00305,0000000734
1,P00104,0000000734
6,P00365,0000000735
10,P00079,0000000735
5,P00169,0000000735
1,P00370,0000000735
4,P00419,0000000735
3,P00275,0000000736
9,P00071,0000000736
3,P00138,0000000736
3,P00773,0000000736
7,P00133,0000000737
2,P00295,0000000737
1,P00704,0000000737
1,P00027,0000000737
7,P00981,0000000738
3,P00505,0000000738
7,P00066,0000000738
10,P00269,0000000738
1,P00890,0000000739
4,P00681,0000000739
2,P00219,0000000740
3,P00061,0000000741
3,P00574,0000000741
9,P00848,0000000742
2,P00704,0000000743
3,P00988,0000000744
4,P00186,0000000744
5,P00856,0000000744
4,P00777,0000000744
8,P00955,0000000745
2,P00902,0000000746
8,P00303,0000000746
4,P00514,0000000747
3,P00043,0000000748
7,P00071,0000000749
8,P00222,0000000749
6,P00550,0000000750
4,P00201,0000000750
3,P00924,0000000751
9,P00268,0000000751
4,P00747,0000000751
9,P00412,0000000751
6,P00649,0000000752
5,P00066,0000000752
9,P00289,0000000752
6,P00490,0000000752
9,P00003,0000000753
7,P00868,0000000754
9,P00316,0000000754
7,P00957,0000000754
8,P00998,0000000755
8,P00067,0000000755
9,P00003,0000000756
9,P00221,0000000756
3,P00900,0000000756
7,P00494,0000000756
5,P00974,0000000756
2,P00002,0000000757
8,P00020,0000000757
5,P00342,0000000757
9,P00442,0000000757
1,P00519,0000000758
1,P00194,0000000758
7,P00257,0000000759
2,P00031,0000000759
7,P00564,0000000759
7,P00768,0000000760
10,P00016,0000000760
2,P00266,0000000760
5,P00427,0000000760
8,P00769,0000000761
1,P00944,0000000761
5,P00064,0000000762
1,P00667,0000000762
8,P00435,0000000762
5,P00094,0000000763
9,P00498,0000000763
3,P00724,0000000764
8,P00308,0000000764
5,P00091,0000000764
4,P00593,0000000764
6,P00001,0000000764
4,P00470,0000000765
8,P00168,0000000766
6,P00564,0000000766
2,P00275,0000000766
4,P00896,0000000767
10,P00051,0000000767
1,P00226,0000000767
8,P00599,0000000768
5,P00445,0000000768
5,P00290,0000000769
8,P00926,0000000769
3,P00915,0000000769
1,P00771,0000000769
1,P00873,0000000769
4,P00327,0000000770
3,P00524,0000000770
6,P00147,0000000770
7,P00412,0000000770
4,P00096,0000000771
10,P00329,0000000771
3,P00968,0000000771
3,P00205,0000000771
3,P00251,0000000771
3,P00132,0000000772
4,P00973,0000000772
1,P00409,0000000773
7,P00841,0000000773
9,P00260,0000000773
4,P00530,0000000773
8,P00219,0000000773
9,P00185,0000000774
4,P00093,0000000774
2,P00330,0000000774
7,P00758,0000000774
4,P00201,0000000774
7,P00094,0000000775
6,P00870,0000000775
5,P00360,0000000775
10,P00379,0000000775
7,P00318,0000000776
3,P00357,0000000776
3,P00781,0000000776
7,P00850,0000000776
3,P00120,0000000777
4,P00935,0000000777
5,P00983,0000000777
1,P00390,0000000777
7,P00889,0000000778
1,P00165,0000000778
4,P00341,0000000778
6,P00466,0000000778
1,P00424,0000000778
7,P00342,0000000779
8,P00509,0000000779
7,P00840,0000000780
9,P00914,0000000780
8,P00596,0000000780
8,P00108,0000000780
8,P00295,0000000780
8,P00444,0000000781
7,P00156,0000000781
8,P00471,0000000781
5,P00985,0000000782
6,P00266,0000000782
1,P00259,0000000782
7,P00695,0000000782
6,P00455,0000000783
6,P00151,0000000783
10,P00061,0000000783
5,P00637,0000000784
10,P00455,0000000784
7,P00248,0000000784
5,P00166,0000000785
6,P00604,0000000786
8,P00900,0000000786
8,P00160,0000000787
4,P00049,0000000788
7,P00148,0000000788
6,P00369,0000000789
1,P00619,0000000789
1,P00620,0000000789
7,P00800,0000000790
7,P00671,0000000790
5,P00129,0000000790
10,P00730,0000000791
10,P00508,0000000792
1,P00580,0000000792
4,P00166,0000000792
5,P00115,0000000792
10,P00488,0000000793
5,P00924,0000000793
10,P00952,0000000793
9,P00251,0000000793
2,P00093,0000000793
7,P00914,0000000794
9,P00308,0000000794
1,P00258,0000000795
5,P00138,0000000796
6,P00782,0000000797
2,P00343,0000000798
2,P00365,0000000798
4,P00288,0000000799
4,P00857,0000000799
4,P00338,0000000799
5,P00492,0000000799
8,P00474,0000000799
8,P00046,0000000800
5,P00315,0000000800
6,P00096,0000000800
10,P00973,0000000800
4,P00114,0000000801
6,P00104,0000000801
2,P00361,0000000801
1,P00192,0000000801
4,P00107,0000000801
3,P00341,0000000802
2,P00684,0000000803
2,P00220,0000000803
1,P00562,0000000803
10,P00268,0000000803
4,P00404,0000000804
10,P00617,0000000804
6,P00726,0000000804
6,P00547,0000000804
3,P00772,0000000804
6,P00547,0000000805
5,P00724,0000000805
8,P00023,0000000805
10,P00202,0000000805
4,P00770,0000000806
6,P00046,0000000806
6,P00836,0000000806
6,P00064,0000000806
6,P00676,0000000807
1,P00729,0000000807
8,P00327,0000000808
10,P00682,0000000808
7,P00122,0000000809
5,P00816,0000000809
9,P00150,0000000809
7,P00046,0000000810
3,P00800,0000000810
6,P00881,0000000811
3,P00949,0000000812
1,P00497,0000000812
4,P00936,0000000812
2,P00749,0000000812
6,P00476,0000000812
10,P00990,0000000813
5,P00759,0000000813
1,P00252,0000000813
9,P00321,0000000813
6,P00356,0000000814
10,P00094,0000000814
2,P00687,0000000814
4,P00304,0000000814
3,P00524,0000000814
9,P00777,0000000815
2,P00773,0000000815
2,P00938,0000000815
4,P00855,0000000815
2,P00091,0000000815
5,P00790,0000000816
2,P00030,0000000816
6,P00427,0000000817
8,P00870,0000000817
8,P00449,0000000817
9,P00464,0000000817
3,P00017,0000000817
10,P00058,0000000818
2,P00089,0000000819
1,P00698,0000000819
8,P00025,0000000819
9,P00678,0000000819
1,P00455,0000000819
10,P00654,0000000820
7,P00459,0000000820
2,P00255,0000000821
3,P00859,0000000821
10,P00040,0000000821
8,P00825,0000000822
4,P00410,0000000822
9,P00496,0000000822
7,P00965,0000000822
10,P00347,0000000822
3,P00536,0000000823
2,P00923,0000000823
7,P00869,0000000824
2,P00396,0000000824
2,P00117,0000000824
9,P00338,0000000824
1,P00764,0000000824
5,P00547,0000000825
1,P00201,0000000825
7,P00842,0000000825
5,P00744,0000000826
1,P00171,0000000826
6,P00046,0000000826
5,P00478,0000000826
6,P00396,0000000827
9,P00528,0000000828
3,P00208,0000000828
1,P00295,0000000828
2,P00536,0000000828
1,P00954,0000000828
10,P00525,0000000829
6,P00248,0000000829
6,P00656,0000000829
8,P00349,0000000830
6,P00699,0000000830
5,P00516,0000000830
8,P00002,0000000830
8,P00615,0000000831
4,P00271,0000000831
3,P00688,0000000831
3,P00973,0000000831
1,P00648,0000000831
6,P00276,0000000832
9,P00544,0000000832
5,P00408,0000000832
1,P00629,0000000833
8,P00316,0000000833
8,P00935,0000000833
9,P00338,0000000833
2,P00719,0000000833
10,P00647,0000000834
6,P00788,0000000835
9,P00016,0000000835
10,P00823,0000000836
4,P00216,0000000836
5,P00187,0000000836
2,P00312,0000000837
4,P00688,0000000837
7,P00239,0000000837
4,P00067,0000000838
4,P00684,0000000838
2,P00784,0000000838
8,P00629,0000000838
2,P00528,0000000839
3,P00970,0000000839
6,P00190,0000000839
2,P00353,0000000839
4,P00321,0000000839
6,P00858,0000000840
10,P00220,0000000840
4,P00730,0000000840
2,P00943,0000000840
7,P00461,0000000841
3,P00474,0000000841
9,P00893,0000000841
6,P00795,0000000841
9,P00641,0000000842
4,P00342,0000000842
10,P00049,0000000842
6,P00808,0000000843
3,P00920,0000000844
4,P00559,0000000844
7,P00440,0000000845
2,P00748,0000000845
9,P00940,0000000845
4,P00589,0000000845
1,P00429,0000000845
5,P00679,0000000846
2,P00094,0000000846
1,P00890,0000000847
2,P00719,0000000847
6,P00456,0000000847
5,P00690,0000000847
8,P00350,0000000848
6,P00885,0000000848
2,P00183,0000000848
2,P00949,0000000849
4,P00151,0000000849
4,P00097,0000000849
1,P00358,0000000850
2,P00019,0000000850
8,P00544,0000000850
6,P00121,0000000851
1,P00448,0000000851
4,P00888,0000000851
6,P00426,0000000851
3,P00468,0000000851
4,P00607,0000000852
8,P00668,0000000852
3,P00928,0000000852
1,P00683,0000000852
2,P00284,0000000853
8,P00881,0000000853
9,P00317,0000000853
8,P00455,0000000853
6,P00770,0000000854
3,P00812,0000000854
5,P00650,0000000854
5,P00859,0000000854
10,P00739,0000000855
7,P00466,0000000855
10,P00768,0000000855
10,P00638,0000000856
9,P00707,0000000856
7,P00585,0000000856
3,P00791,0000000856
9,P00623,0000000857
9,P00219,0000000857
9,P00282,0000000858
8,P00336,0000000859
7,P00212,0000000859
7,P00933,0000000860
7,P00294,0000000860
8,P00497,0000000860
5,P00440,0000000860
6,P00771,0000000861
8,P00098,0000000861
8,P00795,0000000861
7,P00178,0000000862
7,P01000,0000000863
2,P00939,0000000863
5,P00224,0000000864
9,P00669,0000000865
2,P00910,0000000865
1,P00935,0000000865
10,P00628,0000000866
3,P00065,0000000866
1,P00222,0000000866
9,P00550,0000000867
5,P00184,0000000868
5,P00981,0000000868
8,P00849,0000000869
1,P00261,0000000870
5,P00040,0000000870
5,P00758,0000000870
8,P00508,0000000870
5,P00998,0000000871
4,P00182,0000000871
8,P00917,0000000871
7,P00993,0000000872
10,P00893,0000000873
6,P00992,0000000873
3,P00226,0000000873
4,P00315,0000000874
10,P00841,0000000874
1,P00829,0000000874
8,P00779,0000000875
4,P00616,0000000875
3,P00548,0000000875
1,P00522,0000000875
8,P00163,0000000876
6,P00775,0000000876
9,P00613,0000000876
2,P00185,0000000877
1,P00951,0000000877
1,P00791,0000000877
10,P00876,0000000877
1,P00066,0000000877
10,P00978,0000000878
2,P00853,0000000878
5,P00321,0000000878
4,P00202,0000000879
2,P00064,0000000879
2,P00386,0000000880
4,P00937,0000000881
9,P00382,0000000881
8,P00643,0000000881
4,P00197,0000000882
9,P00190,0000000882
5,P00810,0000000882
10,P00702,0000000883
3,P00343,0000000883
7,P00682,0000000883
5,P00087,0000000883
5,P00479,0000000884
3,P00618,0000000884
1,P00783,0000000885
8,P00341,0000000885
4,P00047,0000000885
2,P00271,0000000886
5,P00918,0000000886
3,P00267,0000000886
1,P00826,0000000887
3,P00625,0000000887
4,P00051,0000000887
3,P00990,0000000887
7,P00821,0000000888
4,P00184,0000000889
3,P00128,0000000889
6,P00658,0000000889
6,P00854,0000000890
9,P00469,0000000891
10,P00662,0000000891
5,P00967,0000000891
8,P00847,0000000891
5,P00241,0000000891
9,P00035,0000000892
7,P00031,0000000893
1,P00940,0000000893
3,P00456,0000000893
2,P00623,0000000894
2,P00326,0000000894
4,P00450,0000000894
6,P00587,0000000894
1,P00783,0000000895
8,P00181,0000000895
1,P00453,0000000895
9,P00482,0000000896
6,P00852,0000000897
4,P00213,0000000897
4,P00567,0000000897
9,P00796,0000000898
10,P00297,0000000898
4,P00077,0000000898
3,P00474,0000000898
10,P00303,0000000898
9,P00971,0000000899
10,P00132,0000000899
2,P00072,0000000899
8,P00255,0000000900
9,P00862,0000000900
2,P00228,0000000901
5,P00678,0000000901
2,P00691,0000000901
10,P00890,0000000901
2,P00292,0000000902
7,P00041,0000000902
5,P00600,0000000902
10,P00908,0000000902
4,P00022,0000000903
4,P00934,0000000903
7,P00989,0000000904
10,P00577,0000000904
9,P00862,0000000904
7,P00679,0000000904
9,P00314,0000000904
3,P00193,0000000905
4,P00415,0000000905
6,P00942,0000000906
10,P00716,0000000906
2,P00154,0000000906
10,P00449,0000000906
4,P00579,0000000907
2,P00567,0000000908
1,P00161,0000000908
5,P00712,0000000908
10,P00928,0000000908
4,P00980,0000000908
9,P00281,0000000909
5,P00492,0000000910
5,P00572,0000000910
6,P00956,0000000910
1,P00250,0000000910
7,P00855,0000000910
5,P00461,0000000911
6,P00595,0000000911
3,P00339,0000000911
2,P00010,0000000911
10,P00688,0000000911
1,P00905,0000000912
1,P00180,0000000912
8,P00483,0000000912
8,P00543,0000000913
8,P00849,0000000914
6,P00607,0000000914
2,P00128,0000000914
6,P00554,0000000914
3,P00173,0000000914
3,P00735,0000000915
10,P00783,0000000915
1,P00670,0000000915
8,P00651,0000000915
3,P00889,0000000916
5,P00890,0000000916
4,P00767,0000000916
10,P00014,0000000916
2,P00699,0000000917
6,P00189,0000000917
8,P00369,0000000918
4,P00829,0000000919
3,P00903,0000000919
4,P00624,0000000919
10,P00445,0000000919
3,P00423,0000000919
2,P00133,0000000920
10,P00680,0000000920
5,P00948,0000000921
3,P00347,0000000921
7,P00543,0000000921
3,P00591,0000000922
2,P00818,0000000922
7,P00525,0000000922
8,P00098,0000000923
7,P00835,0000000923
7,P00494,0000000923
7,P00916,0000000924
9,P00195,0000000924
6,P00461,0000000924
3,P00707,0000000924
1,P00057,0000000925
9,P00665,0000000925
1,P00976,0000000925
9,P00537,0000000925
2,P00116,0000000926
4,P00012,0000000926
6,P00420,0000000926
9,P00667,0000000926
7,P00101,0000000927
9,P00983,0000000927
4,P00509,0000000927
4,P00543,0000000928
8,P00395,0000000928
7,P00977,0000000928
2,P00146,0000000929
9,P00810,0000000929
3,P00920,0000000929
5,P00891,0000000929
10,P00938,0000000930
9,P00843,0000000930
4,P00166,0000000930
10,P00934,0000000930
6,P00143,0000000930
2,P00813,0000000931
5,P00557,0000000932
2,P00786,0000000932
1,P00153,0000000932
6,P00726,0000000932
5,P00159,0000000932
7,P00527,0000000933
8,P00001,0000000933
3,P00349,0000000934
1,P00312,0000000935
8,P00143,0000000935
2,P00560,0000000935
4,P00916,0000000935
5,P00345,0000000935
7,P00980,0000000936
10,P00536,0000000936
6,P00382,0000000936
7,P00848,0000000936
2,P00587,0000000936
7,P00559,0000000937
8,P00379,0000000937
2,P00685,0000000937
4,P00734,0000000937
10,P00064,0000000938
2,P00135,0000000938
8,P00345,0000000938
8,P00144,0000000939
9,P00906,0000000939
5,P00666,0000000940
5,P00261,0000000940
3,P00003,0000000940
6,P00247,0000000940
9,P00912,0000000940
5,P00762,0000000941
1,P00389,0000000941
1,P00620,0000000941
9,P00344,0000000941
6,P00638,0000000941
6,P00412,0000000942
10,P00032,0000000943
3,P00977,0000000944
4,P00581,0000000945
10,P00810,0000000945
10,P00342,0000000946
8,P00659,0000000946
5,P00228,0000000946
9,P00830,0000000946
10,P00719,0000000946
2,P00694,0000000947
3,P00972,0000000947
4,P00556,0000000947
8,P00077,0000000947
8,P00332,0000000947
1,P00398,0000000948
8,P00124,0000000948
2,P00490,0000000948
9,P00530,0000000948
7,P00170,0000000948
9,P00268,0000000949
2,P00279,0000000950
9,P00024,0000000950
8,P00711,0000000950
8,P00175,0000000951
7,P00362,0000000951
2,P00103,0000000951
4,P00740,0000000951
7,P00495,0000000952
10,P00592,0000000952
6,P00885,0000000952
7,P00717,0000000952
5,P00629,0000000952
2,P00893,0000000953
1,P00358,0000000953
5,P00698,0000000953
4,P00101,0000000953
10,P00302,0000000954
2,P00738,0000000954
10,P00881,0000000954
5,P00691,0000000954
3,P00971,0000000955
7,P00648,0000000955
7,P00520,0000000955
3,P00141,0000000955
8,P00678,0000000955
8,P00006,0000000956
6,P00581,0000000956
8,P00996,0000000956
1,P00409,0000000956
9,P00429,0000000957
10,P00905,0000000957
1,P00556,0000000957
9,P00974,0000000957
3,P00196,0000000957
9,P00389,0000000958
3,P00714,0000000958
1,P00574,0000000958
5,P00534,0000000958
5,P00378,0000000958
1,P00167,0000000959
6,P00848,0000000959
4,P00641,0000000959
7,P00176,0000000959
7,P00173,0000000959
3,P00521,0000000960
4,P00077,0000000960
10,P00411,0000000960
2,P00127,0000000960
5,P00054,0000000961
3,P00150,0000000961
3,P00654,0000000962
5,P00919,0000000962
1,P00433,0000000962
4,P00142,0000000963
1,P00952,0000000963
4,P00869,0000000963
4,P00858,0000000963
3,P00382,0000000964
1,P00254,0000000964
8,P00973,0000000964
2,P00350,0000000965
3,P00996,0000000965
9,P00689,0000000965
6,P00407,0000000965
2,P00291,0000000966
4,P00325,0000000966
7,P00835,0000000966
8,P00549,0000000967
8,P00694,0000000967
3,P01000,0000000967
7,P00097,0000000967
9,P00352,0000000968
8,P00054,0000000968
6,P00321,0000000969
4,P00879,0000000969
9,P00778,0000000969
6,P00771,0000000969
9,P00902,0000000970
1,P00353,0000000971
10,P00539,0000000971
8,P00560,0000000971
9,P00379,0000000971
6,P00099,0000000972
6,P00345,0000000972
7,P00014,0000000972
8,P00516,0000000972
9,P00671,0000000972
10,P00565,0000000973
10,P00940,0000000973
6,P00574,0000000973
2,P00127,0000000973
6,P00685,0000000973
8,P00291,0000000974
10,P00555,0000000974
1,P00406,0000000974
8,P00127,0000000974
3,P00596,0000000974
1,P00086,0000000975
3,P00829,0000000975
10,P00266,0000000975
5,P00502,0000000975
2,P00675,0000000976
3,P00031,0000000976
5,P00990,0000000976
10,P00382,0000000976
10,P00514,0000000977
2,P00757,0000000978
1,P00524,0000000978
5,P00167,0000000978
2,P00349,0000000978
5,P00820,0000000979
4,P00621,0000000979
2,P00493,0000000979
4,P00249,0000000979
8,P00232,0000000980
10,P00885,0000000980
6,P00054,0000000981
5,P00848,0000000981
9,P00802,0000000981
2,P00693,0000000981
8,P00856,0000000982
5,P00904,0000000982
8,P00783,0000000983
10,P00539,0000000983
3,P00714,0000000983
6,P00219,0000000983
7,P00763,0000000983
1,P00142,0000000984
6,P00710,0000000984
7,P00995,0000000984
5,P00953,0000000984
8,P00522,0000000985
4,P00696,0000000986
2,P00242,0000000986
6,P00095,0000000986
10,P00199,0000000986
8,P00376,0000000987
3,P00838,0000000988
2,P00100,0000000989
6,P00232,0000000990
9,P00156,0000000990
10,P00307,0000000991
1,P00958,0000000991
5,P00852,0000000992
5,P00125,0000000992
1,P00685,0000000992
3,P00276,0000000992
7,P00814,0000000993
5,P00150,0000000993
7,P00719,0000000994
9,P00661,0000000994
10,P00994,0000000995
2,P00086,0000000995
4,P00611,0000000995
1,P00361,0000000995
6,P00326,0000000996
10,P00995,0000000996
2,P00126,0000000997
9,P00953,0000000997
6,P00192,0000000997
4,P00800,0000000997
6,P00502,0000000997
9,P00868,0000000998
9,P00068,0000000998
8,P00767,0000000998
1,P00541,0000000998
10,P00698,0000000998
10,P00323,0000000999
7,P00233,0000000999
7,P00197,0000000999
4,P00520,0000000999
1,P00319,0000001000
1,P00296,0000001000
