code_product,quantity,code_supplier_bill
P00272,10,0000000001
P00512,10,0000000001
P00623,5,0000000003
P00551,6,0000000003
P00786,8,0000000003
P00368,8,0000000004
P00800,7,0000000004
P00682,5,0000000004
P00837,7,0000000004
P00556,2,0000000004
P00821,2,0000000005
P00815,2,0000000005
P00852,5,0000000005
P00486,9,0000000005
P00128,2,0000000005
P00658,5,0000000006
P00791,2,0000000006
P00861,5,0000000006
P00558,7,0000000006
P00828,9,0000000007
P00714,2,0000000007
P00247,6,0000000007
P00853,2,0000000007
P00983,1,0000000007
P00135,5,0000000008
P00173,6,0000000008
P00546,2,0000000009
P00850,5,0000000009
P00969,5,0000000009
P00519,7,0000000009
P00195,3,0000000009
P00847,5,0000000010
P00490,5,0000000010
P00137,7,0000000010
P00322,3,0000000011
P00710,7,0000000012
P00951,6,0000000013
P00795,1,0000000013
P00893,9,0000000014
P00778,6,0000000014
P00090,7,0000000014
P00407,3,0000000014
P00221,3,0000000015
P00439,8,0000000015
P00653,10,0000000016
P00103,8,0000000016
P00154,4,0000000017
P00422,8,0000000018
P00997,9,0000000019
P00299,10,0000000019
P00407,7,0000000019
P00695,9,0000000019
P00394,5,0000000019
P00759,6,0000000020
P00344,5,0000000021
P00440,3,0000000021
P00041,10,0000000021
P00573,2,0000000021
P00960,3,0000000021
P00663,4,0000000022
P00872,4,0000000022
P00846,2,0000000022
P00826,2,0000000022
P00329,3,0000000022
P00585,2,0000000023
P00706,8,0000000023
P00211,6,0000000023
P00242,9,0000000024
P00771,1,0000000024
P00960,5,0000000025
P00638,5,0000000025
P00406,5,0000000025
P00362,5,0000000025
P00626,9,0000000026
P00040,8,0000000026
P00637,2,0000000026
P00516,6,0000000027
P00878,8,0000000028
P00350,3,0000000028
P00168,6,0000000028
P00885,9,0000000028
P00938,3,0000000028
P00870,7,0000000029
P00036,5,0000000029
P00714,5,0000000029
P00656,9,0000000030
P00549,3,0000000030
P00366,7,0000000031
P00292,6,0000000031
P00451,5,0000000032
P00188,10,0000000032
P00524,6,0000000032
P00343,4,0000000032
P00853,7,0000000032
P00487,3,0000000033
P00215,9,0000000033
P00278,5,0000000034
P00612,5,0000000035
P00052,1,0000000035
P00753,10,0000000036
P00330,4,0000000037
P00292,1,0000000037
P00108,2,0000000037
P00945,7,0000000038
P00897,2,0000000038
P00216,10,0000000038
P00871,2,0000000038
P00150,3,0000000039
P00317,10,0000000039
P00904,4,0000000039
P00637,1,0000000040
P00917,1,0000000040
P00570,8,0000000040
P00437,9,0000000040
P00458,8,0000000040
P00915,1,0000000041
P00497,3,0000000041
P00141,5,0000000041
P00007,3,0000000042
P00118,7,0000000042
P00196,5,0000000043
P00551,4,0000000043
P00191,10,0000000043
P00405,4,0000000043
P00575,7,0000000044
P00581,10,0000000044
P00526,4,0000000044
P00634,2,0000000045
P00949,5,0000000046
P00785,10,0000000047
P00427,5,0000000047
P00731,5,0000000047
P00585,7,0000000047
P00587,10,0000000047
P00094,4,0000000048
P00015,3,0000000049
P00891,10,0000000049
P00159,2,0000000049
P00442,7,0000000049
P00785,5,0000000049
P00096,1,0000000050
P00808,4,0000000051
P00712,3,0000000051
P00718,1,0000000051
P00525,1,0000000051
P00009,8,0000000052
P00268,3,0000000052
P00524,4,0000000052
P00571,5,0000000052
P00394,7,0000000052
P00005,2,0000000053
P00808,10,0000000054
P00247,4,0000000054
P00021,7,0000000054
P00291,6,0000000055
P00285,2,0000000055
P00905,7,0000000056
P00068,8,0000000056
P00819,9,0000000056
P00689,9,0000000056
P00369,9,0000000056
P00668,2,0000000057
P00171,10,0000000058
P00452,6,0000000058
P00924,8,0000000058
P00002,5,0000000059
P00765,5,0000000060
P00768,3,0000000060
P00135,6,0000000060
P00244,3,0000000060
P00975,2,0000000060
P00524,7,0000000061
P00115,5,0000000061
P00898,5,0000000061
P00268,2,0000000062
P00342,8,0000000062
P00261,8,0000000062
P00073,6,0000000062
P00222,4,0000000063
P00703,5,0000000063
P00333,6,0000000064
P00932,7,0000000065
P00165,3,0000000065
P00763,8,0000000065
P00653,3,0000000065
P00955,2,0000000065
P00493,4,0000000066
P00414,2,0000000066
P00019,8,0000000066
P00764,3,0000000066
P00424,2,0000000067
P00859,8,0000000067
P00294,4,0000000067
P00966,6,0000000068
P00113,9,0000000068
P00768,3,0000000068
P00087,10,0000000069
P00959,6,0000000069
P00525,9,0000000069
P00002,6,0000000069
P00236,7,0000000070
P00846,2,0000000070
P00599,1,0000000070
P00601,2,0000000071
P00995,8,0000000071
P00737,1,0000000071
P00386,9,0000000071
P00095,4,0000000072
P00499,5,0000000073
P00158,1,0000000073
P00616,4,0000000073
P00958,2,0000000074
P00368,9,0000000074
P00565,6,0000000074
P00192,10,0000000075
P00443,10,0000000076
P00316,5,0000000076
P00912,2,0000000076
P00774,10,0000000076
P00565,7,0000000076
P00738,8,0000000077
P00797,3,0000000077
P00690,6,0000000077
P00441,4,0000000077
P00803,3,0000000078
P00100,2,0000000078
P00455,4,0000000078
P00962,5,0000000078
P00080,3,0000000078
P00951,6,0000000079
P00648,7,0000000079
P00262,9,0000000079
P00570,1,0000000079
P00634,2,0000000080
P00148,1,0000000080
P00789,10,0000000081
P00191,8,0000000081
P00826,9,0000000081
P00845,1,0000000082
P00044,7,0000000082
P00323,3,0000000082
P00537,9,0000000082
P00479,3,0000000082
P00162,3,0000000083
P00776,10,0000000083
P00916,10,0000000084
P00192,5,0000000084
P00145,7,0000000085
P00797,6,0000000085
P00498,1,0000000086
P00389,3,0000000087
P00359,5,0000000087
P00300,9,0000000088
P00261,5,0000000088
P00039,7,0000000088
P00285,8,0000000088
P00064,10,0000000088
P00567,3,0000000089
P00923,2,0000000090
P00928,3,0000000090
P00788,10,0000000090
P00405,10,0000000090
P00514,5,0000000090
P00861,8,0000000091
P00088,10,0000000091
P00579,10,0000000092
P00337,3,0000000092
P00640,8,0000000092
P00683,7,0000000092
P00697,7,0000000092
P00441,7,0000000093
P00089,1,0000000093
P00934,8,0000000094
P00449,8,0000000094
P00666,8,0000000095
P00016,4,0000000095
P00568,8,0000000095
P00404,6,0000000095
P00625,8,0000000095
P00452,8,0000000096
P00226,7,0000000096
P00464,3,0000000096
P00745,6,0000000096
P00666,2,0000000096
P00724,6,0000000097
P00567,3,0000000097
P00653,6,0000000097
P00942,8,0000000097
P00841,1,0000000097
P00082,9,0000000098
P00544,5,0000000098
P00634,6,0000000098
P00244,10,0000000099
P00907,3,0000000100
P00949,6,0000000100
P00527,5,0000000100
P00581,5,0000000101
P00185,8,0000000102
P00786,5,0000000102
P00610,7,0000000102
P00038,1,0000000102
P00437,8,0000000103
P00487,5,0000000103
P00550,4,0000000103
P00506,4,0000000104
P00144,8,0000000104
P00153,2,0000000105
P00699,1,0000000105
P00657,7,0000000105
P00466,2,0000000105
P00209,8,0000000106
P00019,2,0000000106
P00308,10,0000000106
P00886,10,0000000106
P00473,8,0000000107
P00357,5,0000000108
P00254,5,0000000108
P00136,10,0000000109
P00252,7,0000000110
P00578,2,0000000111
P00203,9,0000000111
P00904,5,0000000111
P00920,4,0000000111
P00986,8,0000000112
P00420,7,0000000112
P00879,9,0000000112
P00867,4,0000000113
P00757,1,0000000114
P00518,9,0000000114
P00691,1,0000000114
P00663,9,0000000114
P00453,3,0000000114
P00438,8,0000000115
P00022,5,0000000115
P00605,2,0000000115
P00732,1,0000000115
P00429,6,0000000115
P00676,1,0000000116
P00232,4,0000000116
P00606,7,0000000116
P00717,7,0000000117
P00990,5,0000000117
P00733,9,0000000117
P00899,9,0000000117
P00582,2,0000000117
P00793,9,0000000118
P00378,3,0000000119
P00128,10,0000000119
P00692,5,0000000119
P00466,3,0000000119
P00844,7,0000000119
P00456,4,0000000120
P00113,6,0000000120
P00073,4,0000000120
P00232,4,0000000120
P00748,10,0000000120
P00462,8,0000000121
P00720,9,0000000121
P00699,6,0000000121
P00490,9,0000000122
P00891,8,0000000122
P00861,7,0000000122
P00910,6,0000000122
P00745,2,0000000123
P00663,5,0000000123
P00539,4,0000000123
P00108,10,0000000123
P00202,4,0000000123
P00501,9,0000000124
P00144,4,0000000125
P00847,7,0000000125
P00029,10,0000000125
P00540,3,0000000125
P00717,4,0000000126
P00404,1,0000000127
P00826,10,0000000128
P00890,5,0000000128
P00644,1,0000000129
P00299,1,0000000129
P00992,6,0000000130
P00747,3,0000000130
P00387,1,0000000130
P00550,3,0000000131
P00399,7,0000000131
P00567,2,0000000131
P00668,1,0000000131
P00686,9,0000000131
P00652,3,0000000132
P00125,3,0000000133
P00739,8,0000000134
P00002,2,0000000135
P00197,4,0000000135
P00586,4,0000000135
P00940,4,0000000135
P00310,8,0000000136
P00864,8,0000000136
P00528,2,0000000136
P00019,8,0000000136
P00165,3,0000000136
P00271,2,0000000137
P00537,3,0000000137
P00166,10,0000000137
P00316,9,0000000138
P00919,1,0000000138
P00365,8,0000000138
P00686,5,0000000138
P00346,6,0000000139
P00999,7,0000000140
P00242,10,0000000140
P00018,9,0000000140
P00307,9,0000000141
P00840,7,0000000141
P00027,3,0000000141
P00039,1,0000000141
P00989,7,0000000142
P00443,5,0000000142
P00510,8,0000000142
P00501,2,0000000143
P00805,7,0000000144
P00774,1,0000000144
P00572,7,0000000144
P00391,10,0000000145
P00649,6,0000000145
P00145,8,0000000145
P00451,2,0000000145
P00699,10,0000000146
P00183,8,0000000147
P00671,4,0000000147
P00796,4,0000000147
P00765,5,0000000148
P00956,2,0000000148
P00657,10,0000000148
P00594,1,0000000148
P00214,1,0000000148
P00378,9,0000000149
P00463,7,0000000149
P00602,9,0000000149
P00697,6,0000000149
P00718,9,0000000149
P00566,3,0000000150
P00137,6,0000000150
P00080,4,0000000150
P00396,1,0000000150
P00029,9,0000000150
P00045,4,0000000151
P00625,4,0000000151
P00039,9,0000000151
P00201,3,0000000151
P00095,3,0000000151
P00051,4,0000000152
P00111,3,0000000152
P00175,4,0000000152
P00093,5,0000000152
P00824,2,0000000153
P00776,9,0000000154
P00725,4,0000000154
P00787,1,0000000154
P00092,2,0000000154
P00740,5,0000000154
P00122,6,0000000155
P00434,7,0000000155
P00551,1,0000000156
P00906,9,0000000156
P00641,9,0000000156
P00350,3,0000000156
P00482,1,0000000156
P00793,8,0000000157
P00448,5,0000000157
P00809,9,0000000157
P00481,10,0000000158
P00090,9,0000000158
P00416,7,0000000159
P00242,9,0000000159
P00597,2,0000000159
P00283,4,0000000159
P00898,2,0000000159
P00932,1,0000000160
P00975,7,0000000160
P00393,8,0000000161
P00533,9,0000000161
P00525,9,0000000161
P00431,8,0000000161
P00207,7,0000000161
P00830,3,0000000162
P00721,9,0000000162
P00829,10,0000000162
P00036,8,0000000163
P00647,3,0000000164
P00579,1,0000000165
P00380,6,0000000165
P00812,2,0000000165
P00605,6,0000000165
P00244,4,0000000166
P00271,10,0000000167
P00223,8,0000000167
P00032,9,0000000168
P00153,8,0000000168
P00890,2,0000000169
P00288,8,0000000169
P00180,3,0000000169
P00191,9,0000000169
P00386,5,0000000169
P00901,7,0000000170
P00795,10,0000000170
P00280,2,0000000170
P00638,8,0000000170
P00530,2,0000000170
P00374,2,0000000171
P00095,10,0000000171
P00674,10,0000000171
P00597,6,0000000172
P00401,10,0000000172
P00207,5,0000000173
P00582,6,0000000173
P00463,8,0000000173
P00132,5,0000000173
P00093,9,0000000174
P00247,1,0000000174
P00485,5,0000000174
P00361,6,0000000175
P00217,2,0000000175
P00586,4,0000000175
P00332,7,0000000176
P00348,5,0000000176
P00869,2,0000000176
P00501,1,0000000176
P00600,9,0000000177
P00563,3,0000000177
P00342,8,0000000177
P00978,2,0000000177
P00611,9,0000000177
P00860,2,0000000178
P00405,10,0000000178
P00349,5,0000000178
P00172,3,0000000179
P00848,10,0000000179
P00150,7,0000000179
P00243,3,0000000179
P00077,9,0000000179
P00370,9,0000000180
P00374,9,0000000180
P00808,8,0000000180
P00410,6,0000000180
P00360,10,0000000180
P00849,9,0000000181
P00838,2,0000000181
P00834,9,0000000181
P00470,7,0000000181
P00732,10,0000000182
P00102,10,0000000182
P00888,8,0000000182
P00258,10,0000000182
P00199,3,0000000183
P00680,1,0000000183
P00773,7,0000000183
P00961,10,0000000183
P00037,9,0000000184
P00343,5,0000000184
P00866,1,0000000184
P00054,4,0000000184
P00940,6,0000000185
P00269,4,0000000185
P00213,5,0000000185
P00879,6,0000000185
P00111,5,0000000186
P00236,7,0000000186
P00786,4,0000000186
P00642,6,0000000186
P00952,5,0000000186
P00269,8,0000000187
P00044,7,0000000187
P00170,3,0000000187
P00393,9,0000000188
P00837,5,0000000189
P00851,2,0000000189
P00840,5,0000000189
P00608,10,0000000189
P00094,6,0000000190
P00896,9,0000000191
P00700,10,0000000191
P00396,7,0000000192
P00385,9,0000000192
P00249,1,0000000192
P00023,10,0000000193
P00933,10,0000000193
P00468,9,0000000193
P00204,4,0000000193
P00042,6,0000000193
P00181,7,0000000194
P00455,3,0000000194
P00701,6,0000000194
P00393,3,0000000195
P00099,5,0000000195
P00111,2,0000000195
P00235,8,0000000195
P00594,2,0000000196
P00773,3,0000000196
P00926,9,0000000196
P00270,1,0000000196
P00781,10,0000000197
P00156,8,0000000197
P00373,7,0000000197
P00423,8,0000000198
P00093,1,0000000198
P00258,8,0000000199
P00838,9,0000000199
P00420,7,0000000200
P00818,1,0000000200
P00800,1,0000000200
P00824,5,0000000200
P00286,10,0000000200
P00116,2,0000000201
P00655,8,0000000201
P00547,4,0000000201
P00363,3,0000000201
P00080,9,0000000201
P00466,4,0000000202
P00352,4,0000000202
P00019,10,0000000202
P00209,3,0000000203
P00542,7,0000000203
P00600,10,0000000203
P00646,10,0000000203
P00600,9,0000000204
P00460,3,0000000204
P00942,9,0000000204
P00185,8,0000000204
P00594,4,0000000205
P00139,9,0000000205
P00141,8,0000000205
P00926,5,0000000205
P00070,2,0000000205
P00928,10,0000000206
P00535,8,0000000206
P00545,10,0000000206
P00415,4,0000000207
P00910,1,0000000207
P00778,5,0000000207
P00544,4,0000000208
P00311,9,0000000208
P00624,3,0000000208
P00871,8,0000000208
P00493,9,0000000209
P00237,2,0000000209
P00513,8,0000000210
P00602,2,0000000210
P00324,9,0000000210
P00899,7,0000000211
P00817,6,0000000211
P00765,7,0000000212
P00066,4,0000000212
P00234,4,0000000213
P00265,4,0000000213
P00651,5,0000000213
P00361,8,0000000213
P00047,10,0000000213
P00230,4,0000000214
P00626,5,0000000215
P00152,7,0000000215
P00977,3,0000000216
P00850,7,0000000216
P00736,10,0000000217
P00979,6,0000000217
P00994,7,0000000217
P00225,6,0000000218
P00327,3,0000000218
P00471,7,0000000218
P00310,10,0000000219
P00746,8,0000000219
P00455,6,0000000219
P00007,2,0000000219
P00321,3,0000000219
P00817,2,0000000220
P00573,10,0000000220
P00777,2,0000000220
P00740,8,0000000220
P00664,5,0000000221
P00578,7,0000000221
P00330,4,0000000222
P00546,3,0000000222
P00270,3,0000000222
P00916,1,0000000223
P00150,9,0000000223
P00619,6,0000000223
P00063,8,0000000224
P00534,1,0000000225
P00382,4,0000000225
P00574,5,0000000226
P00934,10,0000000226
P00643,3,0000000226
P00621,10,0000000226
P00025,5,0000000227
P00333,3,0000000227
P00199,8,0000000228
P00883,10,0000000228
P00307,5,0000000229
P00529,5,0000000229
P00901,6,0000000229
P00836,9,0000000229
P00949,6,0000000229
P00454,2,0000000230
P00152,9,0000000230
P00178,6,0000000230
P00186,5,0000000230
P00428,7,0000000230
P00083,2,0000000231
P00847,2,0000000231
P00693,8,0000000231
P00109,8,0000000231
P00805,1,0000000231
P00046,1,0000000232
P00688,1,0000000232
P00225,7,0000000232
P00881,8,0000000232
P00371,3,0000000232
P00992,8,0000000233
P00987,9,0000000234
P00253,6,0000000234
P00743,5,0000000234
P00198,1,0000000234
P00270,8,0000000234
P00334,4,0000000235
P00360,4,0000000235
P00257,8,0000000236
P00310,9,0000000236
P00129,1,0000000236
P00732,2,0000000237
P00868,2,0000000237
P00964,9,0000000237
P00367,5,0000000237
P00262,3,0000000237
P00425,6,0000000238
P00239,5,0000000238
P00258,7,0000000238
P00431,3,0000000238
P00575,5,0000000238
P00824,2,0000000239
P00227,7,0000000239
P00474,9,0000000239
P00523,7,0000000240
P00459,4,0000000240
P00405,8,0000000240
P00557,8,0000000240
P00961,4,0000000240
P00405,7,0000000241
P00724,1,0000000241
P00271,3,0000000242
P00267,2,0000000242
P00930,4,0000000242
P00343,7,0000000242
P00589,1,0000000243
P00056,1,0000000243
P00053,5,0000000243
P00989,4,0000000244
P00030,6,0000000244
P00420,7,0000000244
P00960,7,0000000244
P00904,8,0000000244
P00759,4,0000000245
P00682,2,0000000245
P00923,7,0000000245
P00048,8,0000000245
P00492,8,0000000246
P00266,5,0000000246
P00138,2,0000000246
P00872,6,0000000246
P00831,3,0000000246
P00515,6,0000000247
P00666,3,0000000248
P00547,8,0000000248
P00671,7,0000000249
P00789,2,0000000249
P00960,7,0000000249
P00070,7,0000000249
P00595,3,0000000250
P00668,9,0000000250
P00858,6,0000000250
P00223,1,0000000250
P00232,9,0000000250
P00983,7,0000000251
P00598,2,0000000252
P00959,9,0000000252
P00449,8,0000000252
P00409,1,0000000252
P00277,6,0000000253
P00534,3,0000000254
P00289,7,0000000254
P00030,4,0000000254
P00969,8,0000000254
P00745,2,0000000254
P00554,10,0000000255
P00037,9,0000000256
P00512,7,0000000256
P00767,2,0000000256
P00430,4,0000000256
P00779,4,0000000256
P00126,8,0000000257
P00096,2,0000000257
P00466,9,0000000258
P00009,8,0000000258
P00867,1,0000000258
P00173,8,0000000258
P00427,4,0000000259
P00761,5,0000000259
P00658,6,0000000259
P00068,6,0000000260
P00223,7,0000000260
P00491,7,0000000260
P00298,8,0000000260
P00157,4,0000000260
P00385,8,0000000261
P00716,7,0000000261
P00906,9,0000000262
P00106,6,0000000262
P00507,5,0000000262
P00988,4,0000000262
P00431,9,0000000262
P00909,8,0000000263
P00498,7,0000000263
P00952,4,0000000264
P00862,8,0000000264
P00971,9,0000000265
P00119,7,0000000266
P00666,6,0000000267
P00617,3,0000000267
P00397,4,0000000268
P00233,1,0000000269
P00029,6,0000000270
P00740,7,0000000270
P00243,3,0000000270
P00780,6,0000000271
P00617,3,0000000271
P00265,1,0000000271
P00073,5,0000000271
P00592,7,0000000272
P00523,2,0000000272
P00384,6,0000000272
P00947,2,0000000273
P00229,9,0000000274
P00885,7,0000000274
P00392,6,0000000274
P00520,4,0000000274
P00222,6,0000000275
P00688,2,0000000275
P00744,7,0000000275
P00599,2,0000000275
P00833,3,0000000275
P00162,9,0000000276
P00720,6,0000000276
P00935,5,0000000276
P00561,9,0000000277
P00996,5,0000000277
P00562,4,0000000277
P00702,6,0000000277
P00725,9,0000000278
P00208,1,0000000278
P00469,8,0000000279
P00742,9,0000000280
P00804,4,0000000280
P00299,6,0000000280
P00744,8,0000000280
P00105,4,0000000280
P00208,9,0000000281
P00321,8,0000000281
P00545,7,0000000282
P00130,6,0000000282
P00204,3,0000000282
P00873,9,0000000282
P00666,4,0000000282
P00940,8,0000000283
P00440,8,0000000283
P00508,5,0000000283
P00362,3,0000000283
P00381,3,0000000284
P00474,9,0000000284
P00624,9,0000000284
P00729,6,0000000284
P00904,1,0000000284
P00121,3,0000000285
P00492,1,0000000285
P00430,9,0000000285
P00868,4,0000000286
P00397,4,0000000286
P00051,4,0000000287
P00476,1,0000000287
P00482,4,0000000287
P00166,2,0000000287
P00332,8,0000000287
P00106,1,0000000288
P00824,3,0000000288
P00979,8,0000000288
P00078,10,0000000288
P00337,9,0000000289
P00840,7,0000000290
P00842,5,0000000290
P00510,2,0000000290
P00653,1,0000000290
P00222,1,0000000290
P00776,6,0000000291
P00697,3,0000000292
P00011,10,0000000292
P00660,4,0000000293
P00615,5,0000000293
P00382,8,0000000293
P00302,2,0000000294
P00809,6,0000000294
P00692,9,0000000295
P00155,7,0000000295
P00410,3,0000000295
P00335,7,0000000295
P00220,3,0000000295
P00801,8,0000000296
P00557,3,0000000297
P00015,4,0000000297
P00857,7,0000000297
P00175,10,0000000298
P00472,4,0000000298
P00757,1,0000000298
P00110,4,0000000299
P00029,6,0000000299
P00204,10,0000000299
P00020,8,0000000299
P00241,5,0000000299
P00445,2,0000000300
P00583,4,0000000300
P00593,3,0000000301
P00780,3,0000000301
P00978,1,0000000301
P00861,8,0000000302
P00545,4,0000000302
P00042,5,0000000302
P00912,4,0000000302
P00010,2,0000000302
P00657,4,0000000303
P00835,4,0000000303
P00278,4,0000000303
P00186,6,0000000303
P00519,7,0000000304
P00231,2,0000000304
P00321,3,0000000305
P00702,4,0000000306
P00849,6,0000000307
P00689,1,0000000308
P00484,10,0000000309
P00384,1,0000000310
P00455,8,0000000310
P00686,9,0000000310
P00222,5,0000000311
P00879,7,0000000311
P00989,1,0000000311
P00921,10,0000000311
P00066,1,0000000312
P00293,8,0000000313
P00188,2,0000000313
P00716,9,0000000313
P00402,2,0000000313
P00318,4,0000000313
P00773,4,0000000314
P00650,5,0000000315
P00016,4,0000000315
P00048,10,0000000316
P00067,3,0000000316
P00691,2,0000000317
P00333,3,0000000318
P00131,9,0000000318
P00528,7,0000000318
P00331,5,0000000318
P00558,8,0000000318
P00827,2,0000000319
P00134,3,0000000319
P00157,9,0000000319
P00939,3,0000000319
P00021,4,0000000319
P00993,10,0000000320
P00210,5,0000000320
P00610,7,0000000321
P00305,7,0000000321
P00634,5,0000000321
P00967,1,0000000322
P00109,2,0000000322
P00432,10,0000000322
P00292,5,0000000323
P00380,10,0000000323
P00678,9,0000000324
P00011,2,0000000325
P00338,1,0000000326
P00380,2,0000000326
P00241,4,0000000327
P00583,5,0000000327
P00684,7,0000000327
P00456,1,0000000327
P00595,2,0000000327
P00728,2,0000000328
P00238,1,0000000328
P00597,10,0000000329
P00922,3,0000000329
P00799,2,0000000329
P00835,7,0000000330
P00184,7,0000000330
P00931,9,0000000330
P00221,1,0000000330
P00771,2,0000000331
P00010,6,0000000331
P00019,2,0000000331
P00592,8,0000000332
P00533,8,0000000332
P00464,2,0000000332
P00715,7,0000000332
P00205,10,0000000333
P00965,10,0000000333
P00728,9,0000000333
P00654,3,0000000333
P00921,3,0000000333
P00896,3,0000000334
P00552,10,0000000334
P00262,10,0000000334
P00620,1,0000000334
P00560,8,0000000335
P00810,6,0000000335
P00911,4,0000000335
P00673,5,0000000336
P00066,10,0000000336
P00928,4,0000000336
P00954,8,0000000336
P00225,1,0000000337
P00338,2,0000000337
P00442,6,0000000338
P00820,1,0000000338
P00961,5,0000000338
P00234,9,0000000338
P00112,2,0000000338
P00292,9,0000000339
P00056,6,0000000340
P00828,2,0000000341
P00081,3,0000000341
P00923,2,0000000342
P00066,8,0000000342
P00623,7,0000000342
P00007,9,0000000343
P00373,10,0000000344
P00692,8,0000000344
P00752,1,0000000344
P00344,8,0000000345
P00836,7,0000000345
P00724,10,0000000346
P00565,6,0000000346
P00777,8,0000000347
P00451,8,0000000347
P00580,6,0000000347
P00952,1,0000000347
P00654,9,0000000347
P00175,1,0000000348
P00991,8,0000000348
P00453,10,0000000348
P00579,9,0000000348
P00379,3,0000000348
P00843,3,0000000349
P00877,10,0000000350
P00138,4,0000000350
P00850,4,0000000350
P00462,4,0000000350
P00384,8,0000000350
P00829,10,0000000351
P00973,4,0000000351
P00714,6,0000000352
P00402,4,0000000353
P00675,7,0000000354
P00064,6,0000000354
P00214,10,0000000354
P00496,8,0000000354
P00308,10,0000000355
P00956,3,0000000355
P00989,1,0000000355
P00048,8,0000000356
P00550,8,0000000356
P00555,4,0000000357
P00736,7,0000000357
P00422,7,0000000358
P00208,2,0000000358
P00904,1,0000000358
P00144,1,0000000359
P00783,10,0000000360
P00720,10,0000000360
P00297,8,0000000361
P00725,9,0000000361
P00106,2,0000000361
P00747,2,0000000362
P00665,5,0000000362
P00450,5,0000000362
P00477,3,0000000362
P00105,5,0000000362
P00220,2,0000000363
P00917,2,0000000363
P00879,5,0000000363
P00451,2,0000000363
P00124,9,0000000363
P00532,10,0000000364
P00565,8,0000000364
P00475,1,0000000364
P00308,2,0000000364
P00949,1,0000000364
P00181,10,0000000365
P00175,8,0000000366
P00351,10,0000000367
P00254,2,0000000367
P00673,6,0000000367
P00236,6,0000000367
P00966,8,0000000367
P00372,7,0000000368
P00314,7,0000000368
P00243,8,0000000368
P00001,2,0000000368
P00989,10,0000000368
P00895,1,0000000369
P00068,1,0000000369
P00251,5,0000000370
P00239,2,0000000371
P00517,1,0000000372
P00548,2,0000000372
P00377,4,0000000372
P00469,1,0000000372
P00212,8,0000000372
P00125,4,0000000373
P00646,5,0000000374
P00128,6,0000000374
P00243,6,0000000374
P00269,5,0000000374
P00462,5,0000000375
P00913,8,0000000376
P00316,4,0000000376
P00338,3,0000000376
P00647,10,0000000376
P00101,9,0000000377
P00414,10,0000000377
P00861,7,0000000377
P00272,8,0000000378
P00309,8,0000000378
P00713,8,0000000378
P00997,2,0000000378
P00637,1,0000000379
P00086,9,0000000379
P00417,1,0000000379
P00819,4,0000000379
P00989,8,0000000379
P00892,1,0000000380
P00387,1,0000000380
P00611,7,0000000381
P00480,8,0000000381
P00857,1,0000000381
P00003,3,0000000381
P00509,10,0000000381
P00114,9,0000000382
P00640,8,0000000382
P00581,1,0000000382
P00415,7,0000000383
P00464,6,0000000384
P00081,7,0000000384
P00965,6,0000000384
P00569,2,0000000384
P00023,8,0000000385
P00891,3,0000000385
P00747,8,0000000385
P00014,2,0000000385
P00231,3,0000000386
P00475,1,0000000387
P00137,5,0000000387
P00707,3,0000000387
P00269,5,0000000387
P00736,5,0000000387
P00348,9,0000000388
P00945,2,0000000388
P00700,2,0000000388
P00506,10,0000000388
P00792,8,0000000388
P00203,3,0000000389
P00906,6,0000000389
P00196,7,0000000389
P00804,3,0000000389
P00345,4,0000000389
P00433,2,0000000390
P00755,6,0000000390
P00425,3,0000000390
P00572,5,0000000390
P00258,7,0000000391
P00671,10,0000000391
P00141,5,0000000391
P00128,2,0000000391
P00960,4,0000000392
P00941,9,0000000392
P00439,8,0000000392
P00850,1,0000000392
P00613,8,0000000392
P00503,6,0000000393
P00504,8,0000000393
P00644,6,0000000393
P00807,7,0000000393
P00710,5,0000000393
P00485,2,0000000394
P00327,7,0000000395
P00322,6,0000000395
P00190,6,0000000395
P00289,6,0000000396
P00575,5,0000000396
P00727,5,0000000396
P00963,9,0000000396
P00712,1,0000000397
P00780,4,0000000397
P00392,2,0000000397
P00212,4,0000000397
P00751,9,0000000397
P00275,6,0000000398
P00985,1,0000000399
P00143,3,0000000399
P00742,5,0000000399
P00242,5,0000000400
P00979,7,0000000400
P00962,9,0000000400
P00506,3,0000000400
P00551,10,0000000401
P00461,3,0000000401
P00928,8,0000000401
P00877,2,0000000402
P00037,6,0000000402
P00640,4,0000000402
P00077,5,0000000403
P00584,4,0000000403
P00140,1,0000000403
P00707,1,0000000404
P00532,1,0000000405
P00485,10,0000000405
P00632,1,0000000406
P00459,4,0000000406
P00602,8,0000000407
P00920,7,0000000407
P00289,8,0000000407
P00587,2,0000000408
P00624,9,0000000408
P00870,8,0000000408
P00996,3,0000000409
P00068,4,0000000409
P00507,6,0000000409
P00980,3,0000000410
P00701,2,0000000410
P00344,5,0000000411
P00496,2,0000000411
P00957,1,0000000411
P00323,8,0000000411
P00720,2,0000000412
P00113,9,0000000412
P00693,2,0000000413
P00639,6,0000000413
P00556,3,0000000413
P00950,2,0000000413
P00256,7,0000000414
P00001,8,0000000414
P00904,4,0000000415
P00700,2,0000000416
P00576,9,0000000416
P00941,8,0000000417
P00800,1,0000000417
P00214,6,0000000418
P00567,4,0000000418
P00402,9,0000000418
P00783,10,0000000419
P00760,1,0000000419
P00204,7,0000000419
P00795,4,0000000419
P00427,9,0000000419
P00258,10,0000000420
P00771,5,0000000421
P00726,7,0000000421
P00842,8,0000000421
P00680,10,0000000422
P00025,1,0000000422
P00123,6,0000000423
P00018,1,0000000424
P00503,7,0000000424
P00453,6,0000000425
P00162,3,0000000425
P00790,2,0000000426
P00722,5,0000000426
P00386,9,0000000426
P00376,7,0000000427
P00443,2,0000000427
P00719,1,0000000427
P00552,6,0000000427
P00314,7,0000000428
P00590,10,0000000428
P00950,1,0000000428
P00820,7,0000000429
P00171,3,0000000429
P00326,5,0000000430
P00635,4,0000000430
P00128,8,0000000430
P00217,1,0000000430
P00471,10,0000000430
P00520,9,0000000431
P00195,1,0000000431
P00633,4,0000000431
P00575,4,0000000431
P00897,2,0000000432
P00945,2,0000000432
P00910,4,0000000432
P00344,9,0000000432
P00100,9,0000000432
P00251,10,0000000433
P00347,6,0000000433
P00392,3,0000000433
P00810,3,0000000433
P00173,1,0000000434
P00531,7,0000000434
P00319,3,0000000435
P00462,8,0000000435
P00769,4,0000000435
P00739,1,0000000435
P00459,8,0000000435
P00924,9,0000000436
P00022,3,0000000437
P00589,2,0000000438
P00302,5,0000000438
P00321,6,0000000439
P00306,8,0000000439
P00650,9,0000000439
P00873,4,0000000440
P00182,9,0000000441
P00306,9,0000000442
P00489,6,0000000442
P00278,2,0000000442
P00800,5,0000000442
P00636,9,0000000443
P00376,8,0000000443
P00956,3,0000000444
P00418,4,0000000444
P00107,3,0000000444
P00930,7,0000000445
P00218,1,0000000445
P00666,6,0000000445
P00762,6,0000000445
P00054,3,0000000446
P00473,3,0000000446
P00247,6,0000000446
P00725,2,0000000447
P00459,8,0000000447
P00714,3,0000000447
P00411,3,0000000447
P00705,9,0000000447
P00099,3,0000000448
P00732,5,0000000448
P00648,1,0000000448
P00383,10,0000000448
P00647,4,0000000448
P00924,6,0000000449
P00068,5,0000000449
P00894,4,0000000449
P00259,8,0000000449
P00116,1,0000000449
P00882,9,0000000450
P00795,9,0000000451
P00112,10,0000000452
P00178,3,0000000452
P00384,10,0000000452
P00927,7,0000000452
P00232,4,0000000453
P00192,2,0000000453
P00253,8,0000000453
P00350,7,0000000453
P00082,1,0000000454
P00460,6,0000000455
P00252,10,0000000455
P00464,6,0000000455
P00588,8,0000000455
P00429,10,0000000456
P00747,2,0000000457
P00594,5,0000000457
P00231,8,0000000458
P00499,8,0000000458
P00204,9,0000000458
P00476,7,0000000459
P00155,10,0000000460
P00401,6,0000000460
P00220,2,0000000460
P00121,4,0000000460
P00194,3,0000000460
P00960,4,0000000461
P00219,9,0000000461
P00229,6,0000000462
P00746,6,0000000462
P00477,7,0000000463
P00250,3,0000000464
P00511,9,0000000464
P00486,4,0000000464
P00138,6,0000000464
P00084,10,0000000464
P00876,5,0000000465
P00645,4,0000000465
P00332,10,0000000465
P00570,9,0000000465
P00727,9,0000000465
P00964,2,0000000466
P00216,6,0000000466
P00344,1,0000000466
P00854,1,0000000466
P00976,1,0000000466
P00282,4,0000000467
P00734,7,0000000467
P00662,6,0000000467
P00511,5,0000000467
P00190,2,0000000467
P00026,6,0000000468
P00423,9,0000000468
P00206,6,0000000469
P00309,2,0000000469
P00864,10,0000000469
P00449,2,0000000469
P00697,2,0000000470
P00258,7,0000000470
P00761,9,0000000470
P00663,2,0000000470
P00029,3,0000000471
P00581,2,0000000471
P00020,7,0000000472
P00233,4,0000000473
P00406,9,0000000474
P00063,8,0000000474
P00661,5,0000000474
P00509,10,0000000475
P00919,3,0000000475
P00417,3,0000000475
P00210,9,0000000475
P00754,10,0000000476
P00507,7,0000000477
P00514,8,0000000477
P00609,4,0000000478
P00003,1,0000000479
P00708,1,0000000479
P00598,4,0000000480
P00370,10,0000000480
P00030,10,0000000480
P00716,7,0000000481
P00868,2,0000000482
P00678,3,0000000482
P00886,7,0000000482
P00014,7,0000000482
P00700,3,0000000483
P00196,2,0000000483
P00475,7,0000000484
P00019,6,0000000484
P00438,6,0000000484
P00430,7,0000000485
P00259,6,0000000485
P00733,5,0000000485
P00486,4,0000000485
P00017,9,0000000485
P00745,8,0000000486
P00003,4,0000000487
P00765,9,0000000487
P00881,2,0000000488
P00794,9,0000000488
P00538,6,0000000489
P00366,8,0000000489
P00784,3,0000000489
P00270,6,0000000490
P00196,6,0000000491
P00810,7,0000000491
P00360,8,0000000491
P00071,4,0000000491
P00953,4,0000000491
P00880,4,0000000492
P00775,8,0000000492
P00785,4,0000000492
P00405,5,0000000492
P00896,10,0000000492
P00837,5,0000000493
P00520,7,0000000493
P00404,10,0000000493
P00003,1,0000000494
P00211,8,0000000495
P00722,5,0000000495
P00528,6,0000000495
P00101,5,0000000496
P00430,7,0000000497
P00488,7,0000000497
P00945,9,0000000497
P00817,8,0000000497
P00646,8,0000000497
P00256,9,0000000498
P00080,6,0000000499
P00989,6,0000000499
P00701,7,0000000499
P00808,8,0000000500
P00369,6,0000000500
P00678,6,0000000500
P00082,2,0000000501
P00043,3,0000000501
P00473,1,0000000501
P00279,5,0000000501
P00812,10,0000000501
P00951,3,0000000502
P00036,4,0000000502
P00857,5,0000000502
P00910,9,0000000502
P00621,9,0000000502
P00916,2,0000000503
P00306,8,0000000503
P00500,1,0000000503
P00195,9,0000000504
P00699,8,0000000505
P00819,1,0000000505
P00600,1,0000000505
P00070,2,0000000505
P00562,5,0000000506
P00034,7,0000000506
P00960,10,0000000506
P00374,4,0000000506
P00335,9,0000000506
P00691,5,0000000507
P00873,2,0000000507
P00689,10,0000000507
P00905,9,0000000508
P00796,10,0000000508
P00591,3,0000000509
P00768,7,0000000509
P00115,10,0000000509
P00127,9,0000000509
P00559,3,0000000509
P00665,8,0000000510
P00278,9,0000000510
P00835,5,0000000510
P00200,5,0000000511
P00051,6,0000000512
P00489,2,0000000513
P00638,8,0000000513
P00138,6,0000000513
P00457,5,0000000513
P00991,2,0000000514
P00878,6,0000000514
P00512,7,0000000514
P00553,7,0000000514
P00100,8,0000000514
P00930,3,0000000515
P00827,5,0000000515
P00102,4,0000000515
P00467,7,0000000515
P00729,4,0000000516
P00079,5,0000000516
P00979,9,0000000517
P00300,9,0000000518
P00428,6,0000000518
P00818,5,0000000519
P00626,5,0000000519
P00378,1,0000000519
P00064,8,0000000520
P00430,8,0000000520
P00219,2,0000000520
P00224,4,0000000520
P00482,6,0000000521
P00368,9,0000000521
P00662,8,0000000522
P00395,5,0000000522
P00686,9,0000000522
P00748,10,0000000522
P00214,7,0000000523
P00050,8,0000000523
P00751,1,0000000523
P00421,6,0000000524
P00265,6,0000000524
P00713,3,0000000524
P00225,2,0000000524
P00576,8,0000000525
P00089,2,0000000525
P00726,3,0000000525
P00711,5,0000000526
P00051,9,0000000526
P00231,3,0000000526
P00393,10,0000000526
P00687,5,0000000526
P00969,4,0000000527
P00760,1,0000000527
P00655,8,0000000527
P00456,3,0000000528
P00580,7,0000000528
P00855,5,0000000529
P00117,8,0000000529
P00886,9,0000000529
P00956,9,0000000529
P00364,6,0000000529
P00499,6,0000000530
P00991,2,0000000530
P00211,7,0000000531
P00939,7,0000000531
P00108,10,0000000531
P00208,7,0000000531
P00420,2,0000000531
P00782,9,0000000532
P00930,7,0000000532
P00505,5,0000000532
P00290,3,0000000533
P00717,2,0000000533
P00292,5,0000000533
P00408,2,0000000533
P00663,7,0000000534
P00530,9,0000000534
P00476,4,0000000534
P00691,2,0000000535
P00201,10,0000000535
P00664,8,0000000535
P00627,8,0000000536
P00439,5,0000000536
P00826,9,0000000536
P00773,7,0000000536
P00326,7,0000000537
P00153,9,0000000537
P00889,3,0000000537
P00366,5,0000000537
P00988,2,0000000538
P00922,5,0000000538
P00608,1,0000000538
P00205,5,0000000538
P00412,5,0000000539
P00465,9,0000000540
P00230,9,0000000540
P00596,1,0000000540
P00597,4,0000000540
P00149,2,0000000541
P00510,9,0000000541
P00176,4,0000000541
P01000,10,0000000542
P00614,4,0000000542
P00684,4,0000000543
P00904,5,0000000543
P00901,3,0000000543
P00733,6,0000000543
P00988,10,0000000544
P00441,8,0000000544
P00527,9,0000000544
P00482,8,0000000545
P00761,4,0000000545
P00221,1,0000000545
P00495,4,0000000546
P00462,4,0000000546
P00829,4,0000000546
P00526,9,0000000546
P00661,2,0000000546
P00498,8,0000000547
P00969,9,0000000547
P00434,1,0000000547
P00442,9,0000000547
P00954,8,0000000547
P00671,4,0000000548
P00614,5,0000000548
P00021,2,0000000549
P00357,1,0000000549
P00113,9,0000000550
P00572,1,0000000550
P00729,9,0000000551
P00682,4,0000000551
P00052,5,0000000551
P00898,9,0000000552
P00679,4,0000000553
P00240,10,0000000553
P00398,4,0000000553
P00991,5,0000000553
P00733,5,0000000554
P00667,1,0000000554
P00071,1,0000000555
P00714,1,0000000555
P00463,10,0000000556
P00643,3,0000000557
P00055,3,0000000558
P00958,4,0000000558
P00897,2,0000000558
P00753,2,0000000559
P00912,3,0000000559
P00586,7,0000000559
P00513,5,0000000559
P00583,2,0000000560
P00353,8,0000000560
P00274,3,0000000560
P00359,9,0000000560
P00516,6,0000000560
P00400,8,0000000561
P00086,3,0000000562
P00578,8,0000000562
P00964,1,0000000562
P00899,2,0000000563
P00461,7,0000000563
P00337,10,0000000564
P00681,5,0000000564
P00308,3,0000000564
P00224,7,0000000564
P00619,6,0000000565
P00942,1,0000000565
P00035,6,0000000566
P00310,3,0000000566
P00467,6,0000000566
P00095,1,0000000566
P00336,10,0000000566
P00150,2,0000000567
P00192,3,0000000568
P00524,6,0000000568
P00380,5,0000000569
P00966,4,0000000569
P00381,8,0000000570
P00556,5,0000000570
P00796,2,0000000570
P00190,1,0000000570
P00604,9,0000000570
P00078,3,0000000571
P00674,2,0000000572
P00940,6,0000000572
P00686,6,0000000572
P00944,1,0000000572
P00647,9,0000000572
P00176,5,0000000573
P00255,5,0000000573
P00044,5,0000000573
P00765,9,0000000573
P00398,6,0000000573
P00333,7,0000000574
P00526,2,0000000574
P00345,6,0000000574
P00987,2,0000000574
P00505,6,0000000575
P00227,4,0000000576
P00864,5,0000000576
P00578,9,0000000576
P00996,3,0000000576
P00850,10,0000000577
P00166,5,0000000578
P00638,3,0000000578
P00118,2,0000000578
P00738,9,0000000578
P00089,7,0000000579
P00871,4,0000000579
P00391,6,0000000579
P00269,1,0000000579
P00681,8,0000000579
P00711,5,0000000580
P00539,3,0000000580
P00081,3,0000000580
P00230,2,0000000581
P00357,9,0000000581
P00232,6,0000000582
P00573,9,0000000582
P00252,1,0000000582
P00195,3,0000000583
P00665,9,0000000583
P00585,3,0000000584
P00873,5,0000000584
P00589,2,0000000584
P00388,5,0000000585
P00134,10,0000000585
P00515,6,0000000585
P00756,10,0000000585
P00842,2,0000000585
P00822,5,0000000586
P00116,4,0000000586
P00541,3,0000000587
P00696,10,0000000587
P00946,10,0000000587
P00678,1,0000000587
P00817,3,0000000587
P00858,6,0000000588
P00052,1,0000000588
P00846,9,0000000589
P00910,7,0000000589
P00242,9,0000000590
P00534,6,0000000590
P00227,10,0000000590
P00537,8,0000000590
P00964,4,0000000591
P00539,9,0000000591
P00824,8,0000000591
P00435,7,0000000592
P00519,5,0000000592
P00424,10,0000000593
P00487,3,0000000593
P00404,4,0000000593
P00522,4,0000000593
P00600,2,0000000594
P00744,9,0000000594
P00820,2,0000000594
P00672,5,0000000594
P00487,1,0000000595
P00962,10,0000000595
P00690,3,0000000596
P00960,7,0000000596
P00101,8,0000000596
P00340,1,0000000596
P00641,6,0000000597
P00390,5,0000000598
P00973,6,0000000598
P00952,3,0000000598
P00536,1,0000000598
P00581,1,0000000599
P00414,5,0000000599
P00928,6,0000000600
P00568,7,0000000600
P00662,1,0000000600
P00744,6,0000000600
P00299,1,0000000600
P00449,4,0000000601
P00440,7,0000000601
P00979,2,0000000602
P00122,5,0000000603
P00508,8,0000000603
P00801,3,0000000603
P00951,10,0000000604
P00735,3,0000000604
P00631,4,0000000604
P00021,4,0000000604
P00597,7,0000000604
P00961,3,0000000605
P00062,4,0000000605
P00020,1,0000000605
P00881,1,0000000606
P00022,2,0000000606
P00831,2,0000000607
P00261,5,0000000607
P00658,8,0000000607
P00145,2,0000000607
P00169,3,0000000608
P00770,5,0000000608
P00807,10,0000000609
P00730,6,0000000610
P00821,1,0000000611
P00747,5,0000000611
P00334,7,0000000611
P00678,2,0000000611
P00448,5,0000000611
P00243,1,0000000612
P00102,3,0000000612
P00644,8,0000000612
P00094,7,0000000612
P00847,1,0000000613
P00540,3,0000000613
P00692,1,0000000613
P00694,8,0000000614
P00268,8,0000000615
P00183,7,0000000615
P00524,2,0000000616
P00523,8,0000000617
P00624,8,0000000617
P00148,9,0000000618
P00941,6,0000000618
P00245,10,0000000618
P00794,5,0000000618
P00167,2,0000000619
P00205,2,0000000619
P00289,3,0000000619
P00628,2,0000000619
P00439,2,0000000620
P00586,7,0000000620
P00312,4,0000000620
P00581,5,0000000621
P00813,2,0000000622
P00364,3,0000000622
P00792,5,0000000623
P00007,8,0000000623
P00806,10,0000000623
P00602,2,0000000624
P00270,8,0000000625
P00956,4,0000000625
P00478,10,0000000625
P00622,10,0000000625
P00860,5,0000000626
P00396,5,0000000626
P00883,8,0000000626
P00445,1,0000000626
P00570,10,0000000626
P00040,1,0000000627
P00607,7,0000000628
P00099,6,0000000628
P00424,6,0000000629
P00657,6,0000000630
P00621,9,0000000630
P00818,5,0000000630
P00909,4,0000000630
P00647,1,0000000630
P00978,2,0000000631
P00370,5,0000000631
P00905,4,0000000631
P00144,8,0000000632
P00085,9,0000000632
P00638,8,0000000633
P00019,8,0000000633
P00436,10,0000000633
P00673,9,0000000633
P00539,8,0000000633
P00780,2,0000000634
P00031,6,0000000635
P00188,10,0000000636
P00926,8,0000000636
P00742,4,0000000637
P00509,6,0000000638
P00748,8,0000000638
P00217,10,0000000638
P00856,1,0000000638
P00818,10,0000000639
P00478,3,0000000639
P00617,6,0000000639
P00601,3,0000000640
P00782,2,0000000640
P00465,2,0000000640
P00429,4,0000000640
P00120,2,0000000640
P00930,7,0000000641
P00742,5,0000000641
P00596,1,0000000641
P00870,3,0000000641
P00698,2,0000000642
P00031,7,0000000643
P00651,3,0000000643
P00007,4,0000000643
P00590,6,0000000644
P00332,9,0000000644
P00345,5,0000000644
P00167,9,0000000645
P00210,2,0000000646
P00617,3,0000000646
P00711,7,0000000646
P00016,10,0000000646
P00619,5,0000000646
P00812,6,0000000647
P00429,5,0000000648
P00594,3,0000000648
P00269,7,0000000649
P00814,6,0000000649
P00121,1,0000000649
P00718,6,0000000649
P00831,8,0000000649
P00303,1,0000000650
P00455,7,0000000650
P00239,7,0000000650
P00851,5,0000000650
P00096,4,0000000650
P00187,9,0000000651
P00888,4,0000000651
P00038,6,0000000651
P00099,1,0000000651
P00858,5,0000000652
P00381,7,0000000652
P00715,4,0000000652
P00766,3,0000000652
P00116,2,0000000653
P00713,7,0000000654
P00312,7,0000000655
P00807,3,0000000656
P00920,3,0000000657
P00015,3,0000000657
P00403,5,0000000658
P00414,5,0000000658
P00975,9,0000000658
P00015,6,0000000658
P00675,3,0000000659
P00421,1,0000000659
P00989,10,0000000660
P00102,8,0000000660
P00691,8,0000000660
P00865,5,0000000660
P00316,5,0000000661
P00397,3,0000000661
P00900,1,0000000662
P00836,2,0000000662
P00135,8,0000000662
P00685,5,0000000662
P00257,6,0000000663
P00013,4,0000000663
P00417,3,0000000664
P00746,3,0000000664
P00872,10,0000000664
P00343,5,0000000664
P00645,1,0000000665
P00902,2,0000000666
P00352,9,0000000667
P00344,4,0000000667
P00796,3,0000000667
P00176,3,0000000668
P00659,3,0000000669
P00601,6,0000000669
P00238,4,0000000669
P00637,2,0000000670
P00625,4,0000000671
P00715,5,0000000671
P00855,1,0000000671
P00819,1,0000000671
P00408,7,0000000672
P00015,6,0000000672
P00001,1,0000000672
P00462,6,0000000673
P00849,7,0000000673
P00048,4,0000000674
P00841,2,0000000674
P00122,6,0000000675
P00087,3,0000000676
P00592,3,0000000677
P00486,9,0000000678
P00047,6,0000000678
P00947,9,0000000679
P00350,10,0000000679
P00521,5,0000000679
P00788,4,0000000679
P00565,7,0000000680
P00080,5,0000000680
P00303,5,0000000680
P00141,3,0000000680
P00040,1,0000000680
P00641,4,0000000681
P00629,10,0000000681
P00479,6,0000000681
P00155,6,0000000682
P00928,1,0000000682
P00546,4,0000000682
P00626,10,0000000682
P00823,2,0000000682
P00045,7,0000000683
P00710,4,0000000683
P00554,1,0000000684
P00512,1,0000000685
P00296,2,0000000686
P00396,5,0000000686
P00523,6,0000000686
P00468,5,0000000686
P00368,7,0000000686
P00918,1,0000000687
P00603,8,0000000687
P00473,1,0000000687
P00981,6,0000000688
P00780,8,0000000689
P00987,8,0000000689
P00374,6,0000000690
P00585,6,0000000690
P00199,10,0000000690
P00313,4,0000000690
P00317,8,0000000691
P00755,7,0000000691
P00344,5,0000000691
P00255,4,0000000691
P00910,2,0000000692
P00102,2,0000000693
P00253,2,0000000693
P00251,7,0000000694
P00606,9,0000000694
P00441,5,0000000695
P00883,10,0000000695
P00209,8,0000000695
P00397,1,0000000695
P00554,4,0000000695
P00590,5,0000000696
P00773,4,0000000696
P00059,5,0000000696
P00689,9,0000000697
P00637,3,0000000697
P00474,4,0000000697
P00269,1,0000000697
P00845,5,0000000697
P00790,10,0000000698
P00438,5,0000000698
P00964,3,0000000698
P00323,6,0000000698
P00831,2,0000000699
P00110,3,0000000699
P00056,5,0000000699
P00116,5,0000000699
P00898,5,0000000699
P00739,8,0000000700
P00767,2,0000000701
P00652,5,0000000701
P00657,9,0000000702
P00201,4,0000000702
P00002,3,0000000702
P00138,8,0000000702
P00656,2,0000000703
P00306,10,0000000703
P00867,7,0000000703
P00500,4,0000000704
P00702,6,0000000704
P00821,6,0000000704
P00512,3,0000000704
P00920,4,0000000704
P00005,6,0000000705
P00733,3,0000000705
P00596,6,0000000706
P00208,10,0000000706
P00835,10,0000000706
P00273,1,0000000707
P00120,2,0000000707
P00868,3,0000000708
P00016,8,0000000709
P00389,1,0000000709
P00558,10,0000000709
P00682,5,0000000710
P00959,10,0000000710
P00195,6,0000000710
P00995,3,0000000710
P00824,8,0000000710
P00890,2,0000000711
P00022,4,0000000711
P00368,3,0000000711
P00619,3,0000000712
P00887,1,0000000712
P00902,5,0000000713
P00094,8,0000000713
P00522,9,0000000714
P00089,8,0000000714
P00610,7,0000000714
P00664,1,0000000714
P00340,3,0000000714
P00508,1,0000000715
P00204,4,0000000715
P00748,10,0000000715
P00255,9,0000000715
P00700,4,0000000715
P00475,1,0000000716
P00665,6,0000000716
P00087,1,0000000716
P00222,9,0000000717
P00023,5,0000000717
P00625,4,0000000717
P00237,2,0000000718
P00090,1,0000000719
P00450,8,0000000719
P00663,6,0000000720
P00250,2,0000000720
P00484,4,0000000720
P00179,7,0000000720
P00197,9,0000000720
P00314,10,0000000721
P00196,1,0000000721
P00317,2,0000000721
P00058,5,0000000721
P00797,7,0000000722
P00019,4,0000000722
P00621,9,0000000723
P00634,5,0000000723
P00363,9,0000000724
P00414,9,0000000724
P00038,3,0000000724
P00161,5,0000000724
P00268,7,0000000725
P00262,3,0000000725
P00225,9,0000000725
P00352,10,0000000725
P00619,5,0000000725
P00578,10,0000000726
P00416,4,0000000727
P00794,10,0000000727
P00527,2,0000000728
P00288,1,0000000729
P00421,2,0000000729
P00997,10,0000000729
P00291,7,0000000729
P00778,1,0000000729
P00007,6,0000000730
P00546,10,0000000731
P00249,9,0000000731
P00778,5,0000000731
P00342,3,0000000731
P00578,1,0000000732
P00235,1,0000000733
P00278,5,0000000733
P00913,2,0000000733
P00482,2,0000000733
P00845,8,0000000733
P00202,7,0000000734
P00995,6,0000000734
P00529,1,0000000734
P00157,5,0000000734
P00662,8,0000000734
P00263,9,0000000735
P00774,1,0000000735
P00876,3,0000000735
P00331,8,0000000735
P00079,2,0000000736
P00720,2,0000000736
P00648,2,0000000737
P00162,5,0000000737
P00326,5,0000000737
P00538,6,0000000738
P00916,2,0000000738
P00449,10,0000000738
P00849,10,0000000739
P00381,2,0000000739
P00221,9,0000000739
P00178,4,0000000740
P00548,9,0000000740
P00450,10,0000000741
P00361,5,0000000741
P00429,7,0000000742
P00114,1,0000000743
P00914,10,0000000743
P00211,2,0000000743
P00597,6,0000000743
P00201,3,0000000743
P00761,8,0000000744
P00529,10,0000000744
P00850,9,0000000744
P00833,3,0000000744
P00880,6,0000000745
P00626,10,0000000745
P00484,2,0000000745
P00434,5,0000000745
P00165,10,0000000746
P00862,1,0000000746
P00446,9,0000000747
P00003,1,0000000748
P00735,7,0000000748
P00645,7,0000000749
P00278,9,0000000749
P00725,8,0000000749
P00483,2,0000000749
P00391,3,0000000750
P00384,3,0000000750
P00052,2,0000000751
P00962,6,0000000751
P00857,5,0000000751
P00795,3,0000000751
P00214,3,0000000751
P00270,3,0000000752
P00752,9,0000000752
P00038,4,0000000752
P00902,10,0000000752
P00231,6,0000000753
P00462,3,0000000753
P00993,10,0000000754
P00220,2,0000000755
P00849,1,0000000755
P00675,4,0000000755
P00413,5,0000000756
P00009,5,0000000757
P00265,6,0000000757
P00213,9,0000000757
P01000,8,0000000758
P00938,7,0000000758
P00540,6,0000000758
P00487,9,0000000758
P00286,4,0000000758
P00741,9,0000000759
P00310,9,0000000759
P00175,3,0000000760
P00505,5,0000000760
P00621,7,0000000760
P00121,6,0000000760
P00257,7,0000000761
P00478,5,0000000761
P00960,5,0000000761
P00724,5,0000000761
P00335,9,0000000761
P00915,3,0000000762
P00806,6,0000000763
P00748,3,0000000763
P00201,2,0000000763
P00245,8,0000000763
P00140,5,0000000763
P00883,7,0000000764
P00515,7,0000000764
P00108,7,0000000764
P00340,2,0000000764
P00645,8,0000000764
P00984,9,0000000765
P00952,7,0000000765
P00520,5,0000000766
P00549,10,0000000767
P00134,4,0000000768
P00867,8,0000000769
P00993,9,0000000769
P00055,2,0000000769
P00329,2,0000000770
P00415,5,0000000770
P00191,8,0000000770
P00465,8,0000000770
P00389,2,0000000770
P00481,5,0000000771
P00969,7,0000000771
P00048,2,0000000771
P00749,9,0000000772
P00826,9,0000000773
P00398,9,0000000773
P00250,6,0000000773
P00680,7,0000000773
P00606,5,0000000774
P00249,2,0000000774
P00317,2,0000000774
P00885,2,0000000774
P00062,6,0000000774
P00614,6,0000000775
P00681,5,0000000775
P00103,10,0000000775
P00180,8,0000000775
P00843,8,0000000776
P00491,4,0000000776
P00064,9,0000000776
P00823,1,0000000776
P00574,8,0000000776
P00910,10,0000000777
P00119,8,0000000777
P00258,1,0000000777
P00326,6,0000000777
P00670,4,0000000777
P00521,3,0000000778
P00035,7,0000000778
P00667,1,0000000778
P00877,8,0000000778
P00073,9,0000000779
P00983,7,0000000779
P00374,6,0000000779
P00697,6,0000000780
P00042,5,0000000780
P00242,10,0000000780
P00235,4,0000000780
P00561,5,0000000781
P00246,3,0000000781
P00332,3,0000000781
P00657,6,0000000782
P00617,3,0000000782
P00475,3,0000000782
P00844,5,0000000783
P00358,1,0000000783
P00293,7,0000000783
P00428,5,0000000783
P00690,7,0000000783
P00960,9,0000000784
P00028,9,0000000785
P00205,4,0000000785
P00187,9,0000000786
P00282,8,0000000786
P00510,1,0000000787
P00142,8,0000000787
P00428,3,0000000787
P00375,9,0000000788
P00398,6,0000000788
P00728,7,0000000789
P00505,7,0000000789
P00235,10,0000000790
P00292,2,0000000791
P00875,6,0000000791
P00119,8,0000000791
P00183,2,0000000791
P00713,9,0000000792
P00816,9,0000000792
P00130,7,0000000792
P00567,2,0000000792
P00071,1,0000000793
P00444,6,0000000793
P00363,8,0000000794
P00651,7,0000000795
P00752,4,0000000795
P00893,9,0000000795
P00017,7,0000000795
P00342,8,0000000796
P00222,9,0000000797
P00241,3,0000000797
P00558,3,0000000798
P00318,8,0000000798
P00949,9,0000000798
P00170,3,0000000798
P00157,7,0000000798
P00830,5,0000000799
P00711,2,0000000799
P00319,10,0000000799
P00793,7,0000000799
P00887,2,0000000800
P00019,4,0000000801
P00049,5,0000000801
P00371,2,0000000801
P00461,1,0000000801
P00762,10,0000000802
P00186,2,0000000802
P00601,8,0000000802
P00085,4,0000000802
P00857,9,0000000803
P00654,6,0000000803
P00910,8,0000000804
P00633,4,0000000805
P00878,8,0000000806
P00654,8,0000000806
P00293,2,0000000806
P00579,2,0000000806
P00887,6,0000000807
P00885,4,0000000808
P00630,2,0000000809
P00130,5,0000000810
P00005,2,0000000810
P00288,2,0000000810
P00872,4,0000000810
P00570,1,0000000811
P00377,1,0000000811
P00876,8,0000000811
P00198,2,0000000811
P00576,1,0000000811
P00505,7,0000000812
P00468,6,0000000812
P00488,2,0000000813
P00928,5,0000000813
P00401,8,0000000813
P00299,3,0000000813
P00693,3,0000000814
P00102,7,0000000814
P00715,3,0000000814
P00053,4,0000000814
P00453,9,0000000814
P00318,3,0000000815
P00529,7,0000000816
P00775,8,0000000816
P00723,3,0000000816
P00844,9,0000000817
P00540,9,0000000817
P00616,4,0000000817
P00728,6,0000000817
P00716,9,0000000817
P00665,9,0000000818
P00300,2,0000000818
P00732,3,0000000818
P00146,3,0000000819
P00809,4,0000000819
P00644,8,0000000819
P00459,6,0000000819
P00660,3,0000000819
P00863,8,0000000820
P00616,7,0000000821
P00228,1,0000000821
P00640,2,0000000822
P00005,7,0000000823
P00439,3,0000000824
P00271,6,0000000824
P00440,4,0000000825
P00005,6,0000000825
P00344,6,0000000826
P00485,2,0000000826
P00386,9,0000000826
P00935,3,0000000826
P00318,2,0000000826
P00053,6,0000000827
P00686,10,0000000827
P00256,9,0000000828
P00530,8,0000000828
P00283,5,0000000828
P00918,10,0000000828
P00907,8,0000000828
P00516,10,0000000829
P00552,2,0000000829
P00061,6,0000000829
P00231,7,0000000829
P00418,10,0000000830
P00783,7,0000000830
P00059,4,0000000830
P00800,7,0000000830
P00766,10,0000000831
P00771,6,0000000831
P00508,9,0000000831
P00535,1,0000000832
P00724,4,0000000832
P00802,7,0000000832
P00050,4,0000000832
P00120,7,0000000832
P00638,9,0000000833
P00134,3,0000000833
P00732,4,0000000834
P00156,9,0000000834
P00487,5,0000000834
P00535,2,0000000835
P00072,10,0000000835
P00302,5,0000000836
P00076,6,0000000837
P00516,1,0000000838
P00543,3,0000000839
P00739,3,0000000839
P00151,8,0000000839
P00836,6,0000000839
P00884,2,0000000839
P00204,3,0000000840
P00641,9,0000000840
P00544,5,0000000840
P00761,10,0000000840
P00092,6,0000000840
P00718,1,0000000841
P00031,6,0000000841
P00699,5,0000000841
P00107,7,0000000842
P00993,5,0000000842
P00371,1,0000000842
P00541,7,0000000842
P00642,3,0000000842
P00799,2,0000000843
P00465,2,0000000843
P00607,2,0000000843
P00263,2,0000000844
P00180,9,0000000845
P00503,3,0000000845
P00539,1,0000000846
P00870,3,0000000847
P00785,4,0000000847
P00010,4,0000000848
P00321,6,0000000849
P00378,8,0000000849
P00592,8,0000000850
P00941,8,0000000850
P00994,5,0000000850
P00259,10,0000000850
P00466,9,0000000850
P00357,10,0000000851
P00589,1,0000000852
P00955,4,0000000852
P00935,8,0000000852
P00327,3,0000000853
P01000,2,0000000853
P00584,8,0000000853
P00756,10,0000000854
P00871,5,0000000854
P00059,3,0000000854
P00836,8,0000000855
P00542,1,0000000855
P00565,4,0000000856
P00415,8,0000000857
P00941,5,0000000857
P00279,2,0000000857
P00147,2,0000000858
P00077,8,0000000858
P00535,5,0000000859
P00122,9,0000000860
P00254,1,0000000860
P00581,7,0000000860
P00431,10,0000000861
P00861,10,0000000861
P00796,10,0000000861
P00147,3,0000000862
P00600,2,0000000862
P00838,9,0000000863
P00058,1,0000000863
P00428,3,0000000863
P00782,1,0000000863
P00871,8,0000000863
P00737,3,0000000864
P00396,6,0000000864
P00967,10,0000000864
P00653,10,0000000864
P00633,1,0000000865
P00601,4,0000000865
P00750,10,0000000865
P00458,10,0000000866
P00844,6,0000000867
P00308,8,0000000867
P00384,1,0000000867
P00424,6,0000000867
P00474,9,0000000868
P00812,5,0000000869
P00492,1,0000000869
P00928,3,0000000870
P00743,9,0000000870
P00306,2,0000000870
P00506,10,0000000871
P00457,5,0000000871
P00814,1,0000000872
P00845,10,0000000873
P00064,8,0000000873
P00184,10,0000000873
P00208,4,0000000873
P00090,2,0000000874
P00827,4,0000000874
P00746,9,0000000874
P00028,7,0000000875
P00689,7,0000000875
P00321,3,0000000875
P00334,8,0000000875
P00917,3,0000000875
P00924,10,0000000876
P00714,10,0000000876
P00656,1,0000000876
P00646,1,0000000877
P00466,6,0000000878
P00198,10,0000000878
P00040,8,0000000878
P00268,9,0000000879
P00133,1,0000000880
P00645,1,0000000880
P00362,1,0000000881
P00780,1,0000000881
P00048,5,0000000881
P00554,4,0000000882
P00797,8,0000000882
P00993,4,0000000882
P00626,8,0000000882
P00365,8,0000000883
P00079,6,0000000883
P00903,4,0000000883
P00782,10,0000000883
P00959,1,0000000884
P00644,7,0000000884
P00016,2,0000000884
P00014,3,0000000885
P00216,5,0000000885
P00298,1,0000000885
P00190,5,0000000885
P00075,6,0000000886
P00198,10,0000000886
P00639,1,0000000886
P00501,3,0000000887
P00352,1,0000000887
P00551,4,0000000887
P00890,4,0000000888
P00042,2,0000000888
P00923,2,0000000888
P00506,9,0000000889
P00263,2,0000000889
P00403,3,0000000889
P00045,7,0000000890
P00093,8,0000000890
P00575,7,0000000890
P00694,2,0000000890
P00473,3,0000000891
P00463,6,0000000891
P00038,10,0000000891
P00777,6,0000000892
P00968,6,0000000892
P00490,5,0000000892
P00214,4,0000000892
P00563,2,0000000892
P00710,8,0000000893
P00737,5,0000000893
P01000,9,0000000894
P00251,1,0000000894
P00356,7,0000000894
P00334,3,0000000894
P00173,7,0000000894
P00461,5,0000000895
P00924,9,0000000895
P00371,5,0000000895
P00777,2,0000000896
P00831,5,0000000896
P00624,4,0000000896
P00415,5,0000000896
P00874,8,0000000897
P00542,7,0000000897
P00462,5,0000000898
P00746,2,0000000898
P00714,4,0000000898
P00118,9,0000000899
P00489,8,0000000900
P00472,2,0000000900
P00840,6,0000000900
P00979,1,0000000900
P00325,6,0000000900
P00070,10,0000000901
P00784,4,0000000901
P00176,3,0000000901
P00968,4,0000000901
P00946,9,0000000902
P00373,3,0000000903
P00570,9,0000000903
P00598,5,0000000904
P00789,5,0000000904
P00748,7,0000000904
P00356,8,0000000904
P00947,8,0000000905
P00931,4,0000000905
P00379,6,0000000905
P00081,2,0000000905
P00678,2,0000000905
P00922,1,0000000906
P00792,9,0000000906
P00757,5,0000000906
P00282,2,0000000906
P00497,3,0000000907
P00756,6,0000000907
P00184,3,0000000907
P00651,9,0000000908
P00131,3,0000000908
P00160,6,0000000908
P00405,3,0000000908
P00708,5,0000000908
P00168,5,0000000909
P00829,5,0000000909
P00879,2,0000000909
P00443,10,0000000909
P00060,2,0000000910
P00156,10,0000000910
P00289,2,0000000910
P00773,10,0000000910
P00821,3,0000000910
P00577,2,0000000911
P00723,9,0000000911
P00051,6,0000000912
P00877,10,0000000912
P00290,9,0000000912
P00346,8,0000000912
P00636,10,0000000913
P00057,2,0000000913
P00649,6,0000000914
P00391,10,0000000914
P00891,10,0000000914
P00470,8,0000000914
P00323,7,0000000914
P00481,5,0000000915
P00885,4,0000000916
P00731,6,0000000916
P00351,6,0000000916
P00339,4,0000000917
P00440,6,0000000917
P00023,5,0000000917
P00822,8,0000000918
P00913,5,0000000918
P00765,2,0000000918
P00594,3,0000000918
P00529,3,0000000918
P00656,6,0000000919
P00013,10,0000000920
P00506,9,0000000920
P00632,4,0000000921
P00165,8,0000000922
P00620,10,0000000923
P00721,4,0000000924
P00175,10,0000000924
P00529,10,0000000924
P00672,9,0000000925
P00932,2,0000000925
P00003,4,0000000926
P00576,9,0000000926
P00825,4,0000000926
P00373,7,0000000926
P00096,3,0000000927
P00579,9,0000000927
P00709,5,0000000927
P00569,8,0000000928
P00112,4,0000000928
P00744,7,0000000928
P00047,7,0000000928
P00016,6,0000000928
P00028,7,0000000929
P00470,3,0000000929
P00103,2,0000000929
P00918,10,0000000929
P00808,10,0000000929
P00572,6,0000000930
P00006,9,0000000931
P00693,10,0000000931
P00196,2,0000000931
P00122,4,0000000931
P00056,9,0000000931
P00355,10,0000000932
P00711,10,0000000932
P00089,9,0000000932
P00058,7,0000000933
P00163,5,0000000933
P00012,6,0000000933
P00476,7,0000000933
P00518,2,0000000934
P00856,3,0000000934
P00277,10,0000000934
P00296,8,0000000935
P00369,5,0000000936
P00631,1,0000000936
P00119,3,0000000936
P00283,4,0000000936
P00492,2,0000000936
P00342,5,0000000937
P00953,2,0000000937
P00115,9,0000000937
P00688,2,0000000937
P00917,9,0000000937
P00845,4,0000000938
P00610,10,0000000939
P00754,3,0000000939
P00605,8,0000000939
P00870,9,0000000939
P00567,10,0000000940
P00019,10,0000000940
P00263,8,0000000940
P00157,4,0000000940
P00190,7,0000000941
P00167,5,0000000941
P00844,5,0000000941
P00384,2,0000000942
P00211,6,0000000942
P00662,8,0000000942
P00796,4,0000000943
P00691,4,0000000943
P00340,1,0000000943
P00819,5,0000000943
P00884,8,0000000944
P00118,6,0000000944
P00941,10,0000000945
P00080,8,0000000945
P00859,10,0000000945
P00277,3,0000000946
P00027,8,0000000946
P00855,5,0000000946
P00621,8,0000000946
P00310,6,0000000946
P00817,3,0000000947
P00119,2,0000000947
P00879,10,0000000947
P00947,6,0000000947
P00721,7,0000000947
P00568,6,0000000948
P00960,6,0000000949
P00894,6,0000000950
P00833,5,0000000951
P00990,3,0000000951
P00641,10,0000000951
P00103,2,0000000952
P00093,10,0000000952
P00680,7,0000000952
P00585,10,0000000953
P00333,9,0000000953
P00923,5,0000000954
P00226,6,0000000954
P00272,10,0000000954
P00773,5,0000000954
P00422,9,0000000954
P00259,5,0000000955
P00779,8,0000000955
P00969,9,0000000955
P00266,10,0000000956
P00976,8,0000000956
P00178,7,0000000956
P00626,9,0000000957
P00266,9,0000000957
P00791,10,0000000957
P00330,5,0000000957
P00490,5,0000000958
P00590,9,0000000958
P00008,4,0000000958
P00925,9,0000000958
P00179,7,0000000958
P00633,4,0000000959
P00327,1,0000000959
P00703,2,0000000959
P00464,9,0000000959
P00665,5,0000000960
P00165,3,0000000960
P00367,2,0000000961
P00685,1,0000000961
P00387,5,0000000961
P00540,4,0000000961
P00156,7,0000000961
P00695,5,0000000962
P00517,7,0000000962
P00959,3,0000000962
P00531,9,0000000963
P00250,4,0000000963
P00590,1,0000000963
P00780,7,0000000963
P00578,2,0000000963
P00659,9,0000000964
P00095,2,0000000965
P00817,8,0000000965
P00728,5,0000000965
P00972,2,0000000966
P00188,7,0000000966
P00165,10,0000000966
P00476,4,0000000966
P00440,7,0000000966
P00369,10,0000000967
P00964,3,0000000967
P00977,5,0000000968
P00860,1,0000000968
P00534,2,0000000968
P00706,2,0000000968
P00826,3,0000000969
P00761,5,0000000970
P00222,4,0000000970
P00643,3,0000000970
P00268,1,0000000971
P00332,6,0000000971
P00611,8,0000000971
P00062,2,0000000972
P00614,3,0000000973
P00939,2,0000000973
P00349,1,0000000973
P00621,7,0000000973
P00522,2,0000000973
P00506,7,0000000974
P00006,9,0000000974
P00706,9,0000000974
P00624,10,0000000974
P00620,2,0000000974
P00195,9,0000000975
P00614,5,0000000975
P00481,1,0000000975
P00366,1,0000000975
P00465,5,0000000976
P00739,6,0000000976
P00761,2,0000000976
P00647,6,0000000976
P00277,4,0000000977
P00844,5,0000000978
P00879,8,0000000978
P00630,5,0000000978
P00983,5,0000000978
P00161,2,0000000978
P00735,10,0000000979
P00595,2,0000000979
P00268,1,0000000979
P00160,1,0000000979
P00113,6,0000000980
P00937,5,0000000980
P00335,3,0000000980
P00504,4,0000000980
P00589,7,0000000980
P00562,2,0000000981
P00697,10,0000000981
P00020,9,0000000981
P00675,2,0000000982
P00324,4,0000000982
P00665,8,0000000982
P00832,1,0000000983
P00858,7,0000000984
P00126,5,0000000984
P00180,8,0000000984
P00397,9,0000000984
P00319,8,0000000984
P00207,2,0000000985
P00789,5,0000000985
P00499,5,0000000985
P00982,4,0000000986
P00411,10,0000000986
P00181,7,0000000987
P00255,10,0000000987
P00303,8,0000000987
P00741,8,0000000987
P00655,8,0000000988
P00773,1,0000000989
P00928,4,0000000989
P00092,10,0000000989
P00798,9,0000000990
P00808,9,0000000990
P00305,1,0000000990
P00945,7,0000000991
P00387,9,0000000991
P00358,1,0000000991
P00488,5,0000000992
P00474,7,0000000992
P00718,10,0000000992
P00867,7,0000000993
P00089,7,0000000993
P00872,9,0000000994
P00162,10,0000000994
P00865,2,0000000994
P00042,2,0000000994
P00173,9,0000000995
P00077,6,0000000996
P00312,1,0000000996
P00220,10,0000000997
P00715,1,0000000998
P00491,4,0000000998
P00178,9,0000000998
P00084,8,0000000998
P00237,4,0000000998
P00721,4,0000000999
P00124,2,0000000999
P00536,1,0000000999
P00144,5,0000001000
P00540,6,0000001000
P00592,9,0000001000
P00808,2,0000001000
P00630,6,0000001000
